benchmark,task,method,noise_rate,repetition,corrupted_selected_labels,classes_with_target_support,mean_cosine_to_oracle_target_prototype,target_labels_used_only_for_noise_control_and_posthoc_diagnostics,accuracy,balanced_accuracy
office31,A2D,source_anchored,0.0,0,0,30,0.97063809633255,True,84.13654618473896,85.02918423325157
office31,A2D,without_source_fusion,0.0,0,0,30,0.9679659008979797,True,83.93574297188755,84.3632804782875
office31,A2D,source_anchored,0.0,1,0,30,0.97063809633255,True,84.13654618473896,85.02918423325157
office31,A2D,without_source_fusion,0.0,1,0,30,0.9679659008979797,True,83.93574297188755,84.3632804782875
office31,A2D,source_anchored,0.0,2,0,30,0.97063809633255,True,84.13654618473896,85.02918423325157
office31,A2D,without_source_fusion,0.0,2,0,30,0.9679659008979797,True,83.93574297188755,84.3632804782875
office31,A2D,source_anchored,0.0,3,0,30,0.97063809633255,True,84.13654618473896,85.02918423325157
office31,A2D,without_source_fusion,0.0,3,0,30,0.9679659008979797,True,83.93574297188755,84.3632804782875
office31,A2D,source_anchored,0.0,4,0,30,0.97063809633255,True,84.13654618473896,85.02918423325157
office31,A2D,without_source_fusion,0.0,4,0,30,0.9679659008979797,True,83.93574297188755,84.3632804782875
office31,A2D,source_anchored,0.1,0,40,31,0.9824835658073425,True,84.33734939759037,85.16943668766952
office31,A2D,without_source_fusion,0.1,0,40,31,0.9824835658073425,True,84.13654618473896,84.50990804426992
office31,A2D,source_anchored,0.1,1,40,31,0.9802195429801941,True,84.13654618473896,85.02918423325157
office31,A2D,without_source_fusion,0.1,1,40,31,0.9802195429801941,True,83.53413654618474,83.82564606968536
office31,A2D,source_anchored,0.1,2,40,30,0.966497004032135,True,83.93574297188755,84.90511475434339
office31,A2D,without_source_fusion,0.1,2,40,30,0.9638248085975647,True,84.13654618473896,84.50990804426992
office31,A2D,source_anchored,0.1,3,40,31,0.9815539121627808,True,84.13654618473896,85.02918423325157
office31,A2D,without_source_fusion,0.1,3,40,31,0.9815539121627808,True,83.93574297188755,84.3632804782875
office31,A2D,source_anchored,0.1,4,40,31,0.9807446002960205,True,83.93574297188755,84.56835474016401
office31,A2D,without_source_fusion,0.1,4,40,31,0.9807446002960205,True,83.93574297188755,84.18732739910863
office31,A2D,source_anchored,0.2,0,81,31,0.976464569568634,True,83.93574297188755,84.89873964277892
office31,A2D,without_source_fusion,0.2,0,81,31,0.976464569568634,True,83.73493975903614,84.14822671484666
office31,A2D,source_anchored,0.2,1,81,31,0.9743481874465942,True,84.33734939759037,85.16943668766952
office31,A2D,without_source_fusion,0.2,1,81,31,0.9743481874465942,True,84.13654618473896,84.43510673524702
office31,A2D,source_anchored,0.2,2,81,31,0.9793189167976379,True,84.13654618473896,85.02918423325157
office31,A2D,without_source_fusion,0.2,2,81,31,0.9793189167976379,True,84.13654618473896,84.50990804426992
office31,A2D,source_anchored,0.2,3,81,31,0.9775137305259705,True,83.93574297188755,84.90511475434339
office31,A2D,without_source_fusion,0.2,3,81,31,0.9775137305259705,True,84.13654618473896,84.32757985352659
office31,A2D,source_anchored,0.2,4,81,31,0.9751604199409485,True,83.93574297188755,84.90511475434339
office31,A2D,without_source_fusion,0.2,4,81,31,0.9751604199409485,True,83.93574297188755,84.29485428082906
office31,A2D,source_anchored,0.3,0,121,31,0.9716896414756775,True,84.13654618473896,85.04536720876133
office31,A2D,without_source_fusion,0.3,0,121,31,0.9716896414756775,True,84.33734939759037,84.7576873804083
office31,A2D,source_anchored,0.3,1,121,31,0.968442976474762,True,83.93574297188755,84.90511475434339
office31,A2D,without_source_fusion,0.3,1,121,31,0.968442976474762,True,83.73493975903614,84.14822671484666
office31,A2D,source_anchored,0.3,2,121,31,0.970538854598999,True,83.73493975903614,84.4217271741816
office31,A2D,without_source_fusion,0.3,2,121,31,0.970538854598999,True,83.73493975903614,84.14822671484666
office31,A2D,source_anchored,0.3,3,121,31,0.9680798649787903,True,83.93574297188755,84.90511475434339
office31,A2D,without_source_fusion,0.3,3,121,31,0.9680798649787903,True,83.93574297188755,84.31103725633882
office31,A2D,source_anchored,0.3,4,121,31,0.9689214825630188,True,83.73493975903614,84.75848718836096
office31,A2D,without_source_fusion,0.3,4,121,31,0.9689214825630188,True,83.93574297188755,84.2884791692646
office31,A2D,source_anchored,0.4,0,161,31,0.9611930251121521,True,83.73493975903614,84.78104527543519
office31,A2D,without_source_fusion,0.4,0,161,31,0.9611930251121521,True,84.13654618473896,84.43510673524702
office31,A2D,source_anchored,0.4,1,161,31,0.9645902514457703,True,83.33333333333334,84.17358821636522
office31,A2D,without_source_fusion,0.4,1,161,31,0.9645902514457703,True,83.93574297188755,84.29485428082906
office31,A2D,source_anchored,0.4,2,161,31,0.9635499715805054,True,83.93574297188755,84.90511475434339
office31,A2D,without_source_fusion,0.4,2,161,31,0.9635499715805054,True,83.93574297188755,84.2884791692646
office31,A2D,source_anchored,0.4,3,161,31,0.9614095091819763,True,83.93574297188755,84.89873964277892
office31,A2D,without_source_fusion,0.4,3,161,31,0.9614095091819763,True,83.93574297188755,84.2884791692646
office31,A2D,source_anchored,0.4,4,161,31,0.9614794254302979,True,83.33333333333334,84.16721310480078
office31,A2D,without_source_fusion,0.4,4,161,31,0.9614794254302979,True,83.93574297188755,84.46443224844347
office31,A2D,source_anchored,0.5,0,202,31,0.9497973322868347,True,83.73493975903614,84.43791014969136
office31,A2D,without_source_fusion,0.5,0,202,31,0.9497973322868347,True,83.73493975903614,84.14185160328219
office31,A2D,source_anchored,0.5,1,202,31,0.9500483870506287,True,83.93574297188755,84.92129772985314
office31,A2D,without_source_fusion,0.5,1,202,31,0.9500483870506287,True,83.93574297188755,84.31103725633882
office31,A2D,source_anchored,0.5,2,202,31,0.9499812722206116,True,83.93574297188755,84.89873964277892
office31,A2D,without_source_fusion,0.5,2,202,31,0.9499812722206116,True,83.73493975903614,84.14822671484666
office31,A2D,source_anchored,0.5,3,202,31,0.9482256174087524,True,83.53413654618474,84.29128258370898
office31,A2D,without_source_fusion,0.5,3,202,31,0.9482256174087524,True,83.73493975903614,84.14185160328219
office31,A2D,source_anchored,0.5,4,202,31,0.9524570107460022,True,83.53413654618474,84.12170461609453
office31,A2D,without_source_fusion,0.5,4,202,31,0.9524570107460022,True,83.73493975903614,83.98845661117753
office31,A2W,source_anchored,0.0,0,0,30,0.970206081867218,True,84.65408805031447,83.71400850056811
office31,A2W,without_source_fusion,0.0,0,0,30,0.9676017761230469,True,83.8993710691824,82.9379531168119
office31,A2W,source_anchored,0.0,1,0,30,0.970206081867218,True,84.65408805031447,83.71400850056811
office31,A2W,without_source_fusion,0.0,1,0,30,0.9676017761230469,True,83.8993710691824,82.9379531168119
office31,A2W,source_anchored,0.0,2,0,30,0.970206081867218,True,84.65408805031447,83.71400850056811
office31,A2W,without_source_fusion,0.0,2,0,30,0.9676017761230469,True,83.8993710691824,82.9379531168119
office31,A2W,source_anchored,0.0,3,0,30,0.970206081867218,True,84.65408805031447,83.71400850056811
office31,A2W,without_source_fusion,0.0,3,0,30,0.9676017761230469,True,83.8993710691824,82.9379531168119
office31,A2W,source_anchored,0.0,4,0,30,0.970206081867218,True,84.65408805031447,83.71400850056811
office31,A2W,without_source_fusion,0.0,4,0,30,0.9676017761230469,True,83.8993710691824,82.9379531168119
office31,A2W,source_anchored,0.1,0,62,30,0.9691259264945984,True,84.77987421383648,84.03414535296304
office31,A2W,without_source_fusion,0.1,0,62,30,0.9665215611457825,True,83.8993710691824,82.94563360836337
office31,A2W,source_anchored,0.1,1,62,31,0.9824349284172058,True,84.52830188679246,83.63336333927779
office31,A2W,without_source_fusion,0.1,1,62,31,0.9824349284172058,True,83.64779874213836,82.71095192206877
office31,A2W,source_anchored,0.1,2,62,31,0.9805253148078918,True,84.77987421383648,84.03414535296304
office31,A2W,without_source_fusion,0.1,2,62,31,0.9805253148078918,True,83.77358490566039,82.83042623509148
office31,A2W,source_anchored,0.1,3,62,31,0.980785071849823,True,84.52830188679246,83.63336333927779
office31,A2W,without_source_fusion,0.1,3,62,31,0.980785071849823,True,83.77358490566039,82.83042623509148
office31,A2W,source_anchored,0.1,4,62,31,0.9783567786216736,True,84.52830188679246,83.63336333927779
office31,A2W,without_source_fusion,0.1,4,62,31,0.9783567786216736,True,83.77358490566039,82.83042623509148
office31,A2W,source_anchored,0.2,0,123,31,0.9762771725654602,True,84.65408805031447,83.92661847124259
office31,A2W,without_source_fusion,0.2,0,123,31,0.9762771725654602,True,83.8993710691824,82.97067868950943
office31,A2W,source_anchored,0.2,1,123,31,0.9796306490898132,True,84.65408805031447,83.92661847124259
office31,A2W,without_source_fusion,0.2,1,123,31,0.9796306490898132,True,83.77358490566039,82.87522910247498
office31,A2W,source_anchored,0.2,2,123,31,0.976010799407959,True,84.52830188679246,83.63336333927779
office31,A2W,without_source_fusion,0.2,2,123,31,0.976010799407959,True,83.8993710691824,82.94563360836337
office31,A2W,source_anchored,0.2,3,123,31,0.9774454832077026,True,84.52830188679246,83.63336333927779
office31,A2W,without_source_fusion,0.2,3,123,31,0.9774454832077026,True,83.64779874213836,82.53717110312667
office31,A2W,source_anchored,0.2,4,123,31,0.9814661741256714,True,84.52830188679246,83.84597330995227
office31,A2W,without_source_fusion,0.2,4,123,31,0.9814661741256714,True,83.8993710691824,82.94563360836337
office31,A2W,source_anchored,0.3,0,185,31,0.9752951860427856,True,84.27672955974843,83.41830957583693
office31,A2W,without_source_fusion,0.3,0,185,31,0.9752951860427856,True,83.8993710691824,82.99043647574686
office31,A2W,source_anchored,0.3,1,185,31,0.9721521139144897,True,84.65408805031447,83.74089022099824
office31,A2W,without_source_fusion,0.3,1,185,31,0.9721521139144897,True,83.52201257861635,82.6111055318998
office31,A2W,source_anchored,0.3,2,185,31,0.9744998812675476,True,84.77987421383648,84.00163722593128
office31,A2W,without_source_fusion,0.3,2,185,31,0.9744998812675476,True,83.64779874213836,82.73057984492249
office31,A2W,source_anchored,0.3,3,185,31,0.9711046814918518,True,84.40251572327044,83.55271817798746
office31,A2W,without_source_fusion,0.3,3,185,31,0.9711046814918518,True,83.77358490566039,82.87442062968009
office31,A2W,source_anchored,0.3,4,185,31,0.9682082533836365,True,84.52830188679246,83.63336333927779
office31,A2W,without_source_fusion,0.3,4,185,31,0.9682082533836365,True,83.77358490566039,82.65237847639855
office31,A2W,source_anchored,0.4,0,247,31,0.9669288992881775,True,84.27672955974843,83.47207301669715
office31,A2W,without_source_fusion,0.4,0,247,31,0.9669288992881775,True,83.39622641509435,82.37745769306261
office31,A2W,source_anchored,0.4,1,247,31,0.9698008298873901,True,84.65408805031447,83.92661847124259
office31,A2W,without_source_fusion,0.4,1,247,31,0.9698008298873901,True,83.77358490566039,82.83042623509148
office31,A2W,source_anchored,0.4,2,247,31,0.9653559327125549,True,84.52830188679246,83.6602450597079
office31,A2W,without_source_fusion,0.4,2,247,31,0.9653559327125549,True,83.52201257861635,82.6111055318998
office31,A2W,source_anchored,0.4,3,247,31,0.9658084511756897,True,84.40251572327044,83.55271817798746
office31,A2W,without_source_fusion,0.4,3,247,31,0.9658084511756897,True,83.64779874213836,82.75575478945227
office31,A2W,source_anchored,0.4,4,247,31,0.9706855416297913,True,84.52830188679246,83.63336333927779
office31,A2W,without_source_fusion,0.4,4,247,31,0.9706855416297913,True,83.64779874213836,82.69601763294094
office31,A2W,source_anchored,0.5,0,308,31,0.959488570690155,True,84.40251572327044,83.76532814866195
office31,A2W,without_source_fusion,0.5,0,308,31,0.959488570690155,True,83.52201257861635,82.64993468363218
office31,A2W,source_anchored,0.5,1,308,31,0.961404025554657,True,84.52830188679246,83.84944191904002
office31,A2W,without_source_fusion,0.5,1,308,31,0.961404025554657,True,83.52201257861635,82.62652157228982
office31,A2W,source_anchored,0.5,2,308,31,0.9594597220420837,True,84.40251572327044,83.7419150373196
office31,A2W,without_source_fusion,0.5,2,308,31,0.9594597220420837,True,83.77358490566039,82.89016339160283
office31,A2W,source_anchored,0.5,3,308,31,0.9567724466323853,True,84.27672955974843,83.41830957583693
office31,A2W,without_source_fusion,0.5,3,308,31,0.9567724466323853,True,83.39622641509435,82.53046037060948
office31,A2W,source_anchored,0.5,4,308,31,0.9616872072219849,True,84.40251572327044,83.7419150373196
office31,A2W,without_source_fusion,0.5,4,308,31,0.9616872072219849,True,83.64779874213836,82.74551413405035
office31,D2A,source_anchored,0.0,0,0,31,0.9909248352050781,True,81.46964856230032,81.06616113073677
office31,D2A,without_source_fusion,0.0,0,0,31,0.9909248352050781,True,81.15015974440894,80.77322265654033
office31,D2A,source_anchored,0.0,1,0,31,0.9909248352050781,True,81.46964856230032,81.06616113073677
office31,D2A,without_source_fusion,0.0,1,0,31,0.9909248352050781,True,81.15015974440894,80.77322265654033
office31,D2A,source_anchored,0.0,2,0,31,0.9909248352050781,True,81.46964856230032,81.06616113073677
office31,D2A,without_source_fusion,0.0,2,0,31,0.9909248352050781,True,81.15015974440894,80.77322265654033
office31,D2A,source_anchored,0.0,3,0,31,0.9909248352050781,True,81.46964856230032,81.06616113073677
office31,D2A,without_source_fusion,0.0,3,0,31,0.9909248352050781,True,81.15015974440894,80.77322265654033
office31,D2A,source_anchored,0.0,4,0,31,0.9909248352050781,True,81.46964856230032,81.06616113073677
office31,D2A,without_source_fusion,0.0,4,0,31,0.9909248352050781,True,81.15015974440894,80.77322265654033
office31,D2A,source_anchored,0.1,0,222,31,0.9934714436531067,True,81.2921547745829,80.90084476238256
office31,D2A,without_source_fusion,0.1,0,222,31,0.9934714436531067,True,81.07916222932198,80.70477588419432
office31,D2A,source_anchored,0.1,1,222,31,0.9928353428840637,True,81.32765353212638,80.93480061976797
office31,D2A,without_source_fusion,0.1,1,222,31,0.9928353428840637,True,81.11466098686546,80.73837803473197
office31,D2A,source_anchored,0.1,2,222,31,0.9936438202857971,True,81.2921547745829,80.88439739396152
office31,D2A,without_source_fusion,0.1,2,222,31,0.9936438202857971,True,81.15015974440894,80.77163377134653
office31,D2A,source_anchored,0.1,3,222,31,0.9929039478302002,True,81.36315228966986,80.95025760901528
office31,D2A,without_source_fusion,0.1,3,222,31,0.9929039478302002,True,81.11466098686546,80.73837803473197
office31,D2A,source_anchored,0.1,4,222,31,0.9934235215187073,True,81.32765353212638,80.93376115474595
office31,D2A,without_source_fusion,0.1,4,222,31,0.9934235215187073,True,81.15015974440894,80.7752180007372
office31,D2A,source_anchored,0.2,0,445,31,0.9911651611328125,True,81.2921547745829,80.88439739396152
office31,D2A,without_source_fusion,0.2,0,445,31,0.9911651611328125,True,80.97266595669151,80.60599927677717
office31,D2A,source_anchored,0.2,1,445,31,0.9913888573646545,True,81.32765353212638,80.93376115474595
office31,D2A,without_source_fusion,0.2,1,445,31,0.9913888573646545,True,81.04366347177849,80.67151307790785
office31,D2A,source_anchored,0.2,2,445,31,0.9920196533203125,True,81.36315228966986,80.96736330528358
office31,D2A,without_source_fusion,0.2,2,445,31,0.9920196533203125,True,81.008164714235,80.63926208306363
office31,D2A,source_anchored,0.2,3,445,31,0.9915367960929871,True,81.32765353212638,80.93480061976797
office31,D2A,without_source_fusion,0.2,3,445,31,0.9915367960929871,True,80.97266595669151,80.60599927677717
office31,D2A,source_anchored,0.2,4,445,31,0.9925166368484497,True,81.2921547745829,80.8833579289395
office31,D2A,without_source_fusion,0.2,4,445,31,0.9925166368484497,True,81.11466098686546,80.73903636257923
office31,D2A,source_anchored,0.3,0,667,31,0.9876758456230164,True,81.22115725949591,80.81717187485022
office31,D2A,without_source_fusion,0.3,0,667,31,0.9876758456230164,True,80.97266595669151,80.60531351860293
office31,D2A,source_anchored,0.3,1,667,31,0.9885877370834351,True,81.36315228966986,80.95091593686254
office31,D2A,without_source_fusion,0.3,1,667,31,0.9885877370834351,True,80.97266595669151,80.60802226553349
office31,D2A,source_anchored,0.3,2,667,31,0.9884582161903381,True,81.2921547745829,80.88472988277326
office31,D2A,without_source_fusion,0.3,2,667,31,0.9884582161903381,True,81.008164714235,80.6385763248894
office31,D2A,source_anchored,0.3,3,667,31,0.9872403144836426,True,81.32765353212638,80.9173137863249
office31,D2A,without_source_fusion,0.3,3,667,31,0.9872403144836426,True,81.008164714235,80.63891566914056
office31,D2A,source_anchored,0.3,4,667,31,0.9873208403587341,True,81.2566560170394,80.85077402538786
office31,D2A,without_source_fusion,0.3,4,667,31,0.9873208403587341,True,81.008164714235,80.6371459706264
office31,D2A,source_anchored,0.4,0,889,31,0.9810323119163513,True,81.36315228966986,80.96769579409535
office31,D2A,without_source_fusion,0.4,0,889,31,0.9810323119163513,True,81.04366347177849,80.67251781967819
office31,D2A,source_anchored,0.4,1,889,31,0.9822668433189392,True,81.36315228966986,80.94987647184054
office31,D2A,without_source_fusion,0.4,1,889,31,0.9822668433189392,True,80.97266595669151,80.604229578263
office31,D2A,source_anchored,0.4,2,889,31,0.9824081063270569,True,81.36315228966986,80.94867579349336
office31,D2A,without_source_fusion,0.4,2,889,31,0.9824081063270569,True,81.15015974440894,80.78027741675324
office31,D2A,source_anchored,0.4,3,889,31,0.9825282692909241,True,81.32765353212638,80.91764627513666
office31,D2A,without_source_fusion,0.4,3,889,31,0.9825282692909241,True,80.93716719914804,80.57095991653712
office31,D2A,source_anchored,0.4,4,889,31,0.9829026460647583,True,81.36315228966986,80.96443740374018
office31,D2A,without_source_fusion,0.4,4,889,31,0.9829026460647583,True,80.97266595669151,80.60389023401184
office31,D2A,source_anchored,0.5,0,1112,31,0.974973201751709,True,81.32765353212638,80.91764627513666
office31,D2A,without_source_fusion,0.5,0,1112,31,0.974973201751709,True,80.90166844160454,80.53770417992256
office31,D2A,source_anchored,0.5,1,1112,31,0.9735683798789978,True,81.18565850195243,80.7823831853092
office31,D2A,without_source_fusion,0.5,1,1112,31,0.9735683798789978,True,80.83067092651757,80.47734241815229
office31,D2A,source_anchored,0.5,2,1112,31,0.9742352962493896,True,81.2921547745829,80.90063490069439
office31,D2A,without_source_fusion,0.5,2,1112,31,0.9742352962493896,True,80.90166844160454,80.53904826594406
office31,D2A,source_anchored,0.5,3,1112,31,0.9741933941841125,True,81.2921547745829,80.88437617592548
office31,D2A,without_source_fusion,0.5,3,1112,31,0.9741933941841125,True,80.90166844160454,80.5467145999074
office31,D2A,source_anchored,0.5,4,1112,31,0.973131000995636,True,81.22115725949591,80.81955542589372
office31,D2A,without_source_fusion,0.5,4,1112,31,0.973131000995636,True,80.83067092651757,80.47044811060466
office31,D2W,source_anchored,0.0,0,0,30,0.971530020236969,True,86.28930817610063,85.2774233049562
office31,D2W,without_source_fusion,0.0,0,0,30,0.9686883091926575,True,83.8993710691824,82.9379531168119
office31,D2W,source_anchored,0.0,1,0,30,0.971530020236969,True,86.28930817610063,85.2774233049562
office31,D2W,without_source_fusion,0.0,1,0,30,0.9686883091926575,True,83.8993710691824,82.9379531168119
office31,D2W,source_anchored,0.0,2,0,30,0.971530020236969,True,86.28930817610063,85.2774233049562
office31,D2W,without_source_fusion,0.0,2,0,30,0.9686883091926575,True,83.8993710691824,82.9379531168119
office31,D2W,source_anchored,0.0,3,0,30,0.971530020236969,True,86.28930817610063,85.2774233049562
office31,D2W,without_source_fusion,0.0,3,0,30,0.9686883091926575,True,83.8993710691824,82.9379531168119
office31,D2W,source_anchored,0.0,4,0,30,0.971530020236969,True,86.28930817610063,85.2774233049562
office31,D2W,without_source_fusion,0.0,4,0,30,0.9686883091926575,True,83.8993710691824,82.9379531168119
office31,D2W,source_anchored,0.1,0,64,31,0.9840381741523743,True,86.0377358490566,84.95403418700002
office31,D2W,without_source_fusion,0.1,0,64,31,0.9840381741523743,True,83.77358490566039,82.83042623509148
office31,D2W,source_anchored,0.1,1,64,31,0.9809888601303101,True,86.28930817610063,85.26406592834496
office31,D2W,without_source_fusion,0.1,1,64,31,0.9809888601303101,True,83.8993710691824,82.94563360836337
office31,D2W,source_anchored,0.1,2,64,31,0.9830321669578552,True,86.16352201257862,85.10764401802922
office31,D2W,without_source_fusion,0.1,2,64,31,0.9830321669578552,True,83.77358490566039,82.83042623509148
office31,D2W,source_anchored,0.1,3,64,31,0.9854615926742554,True,86.0377358490566,84.95403418700002
office31,D2W,without_source_fusion,0.1,3,64,31,0.9854615926742554,True,83.8993710691824,82.94563360836337
office31,D2W,source_anchored,0.1,4,64,31,0.9820961952209473,True,85.53459119496856,84.33819840987393
office31,D2W,without_source_fusion,0.1,4,64,31,0.9820961952209473,True,83.64779874213836,82.71095192206877
office31,D2W,source_anchored,0.2,0,128,31,0.9796693921089172,True,85.53459119496856,84.36508013030404
office31,D2W,without_source_fusion,0.2,0,128,31,0.9796693921089172,True,83.64779874213836,82.78434328578271
office31,D2W,source_anchored,0.2,1,128,31,0.977637767791748,True,86.0377358490566,84.86328391465973
office31,D2W,without_source_fusion,0.2,1,128,31,0.977637767791748,True,83.64779874213836,82.71095192206877
office31,D2W,source_anchored,0.2,2,128,31,0.976463258266449,True,85.78616352201259,84.5859777460123
office31,D2W,without_source_fusion,0.2,2,128,31,0.976463258266449,True,83.64779874213836,82.71095192206877
office31,D2W,source_anchored,0.2,3,128,31,0.9818012118339539,True,85.9119496855346,84.87338902570968
office31,D2W,without_source_fusion,0.2,3,128,31,0.9818012118339539,True,83.8993710691824,82.94563360836337
office31,D2W,source_anchored,0.2,4,128,31,0.9816809892654419,True,85.9119496855346,84.90611459840723
office31,D2W,without_source_fusion,0.2,4,128,31,0.9816809892654419,True,83.8993710691824,82.94563360836337
office31,D2W,source_anchored,0.3,0,192,31,0.9768533110618591,True,85.53459119496856,84.5508083805484
office31,D2W,without_source_fusion,0.3,0,192,31,0.9768533110618591,True,83.64779874213836,82.69175069319013
office31,D2W,source_anchored,0.3,1,192,31,0.980177104473114,True,85.9119496855346,84.72038634816283
office31,D2W,without_source_fusion,0.3,1,192,31,0.980177104473114,True,83.77358490566039,82.81122500621282
office31,D2W,source_anchored,0.3,2,192,31,0.9770016670227051,True,85.40880503144655,84.44328149882799
office31,D2W,without_source_fusion,0.3,2,192,31,0.9770016670227051,True,83.8993710691824,83.00537076487473
office31,D2W,source_anchored,0.3,3,192,31,0.9761871695518494,True,85.78616352201259,84.76586214398927
office31,D2W,without_source_fusion,0.3,3,192,31,0.9761871695518494,True,83.77358490566039,82.83042623509148
office31,D2W,source_anchored,0.3,4,192,31,0.9752179384231567,True,85.9119496855346,84.87923287797713
office31,D2W,without_source_fusion,0.3,4,192,31,0.9752179384231567,True,83.64779874213836,82.69601763294094
office31,D2W,source_anchored,0.4,0,256,31,0.9710672497749329,True,85.66037735849056,84.65833526226884
office31,D2W,without_source_fusion,0.4,0,256,31,0.9710672497749329,True,83.77358490566039,82.82615929534067
office31,D2W,source_anchored,0.4,1,256,31,0.9687097668647766,True,85.53459119496856,84.39780570300155
office31,D2W,without_source_fusion,0.4,1,256,31,0.9687097668647766,True,83.64779874213836,82.57173331510822
office31,D2W,source_anchored,0.4,2,256,31,0.9664240479469299,True,85.78616352201259,84.7985877166868
office31,D2W,without_source_fusion,0.4,2,256,31,0.9664240479469299,True,83.77358490566039,82.81122500621282
office31,D2W,source_anchored,0.4,3,256,31,0.9720098376274109,True,85.78616352201259,84.61285946644242
office31,D2W,without_source_fusion,0.4,3,256,31,0.9720098376274109,True,83.77358490566039,82.86498844707305
office31,D2W,source_anchored,0.4,4,256,31,0.9704282879829407,True,85.66037735849056,84.69106083496636
office31,D2W,without_source_fusion,0.4,4,256,31,0.9704282879829407,True,83.39622641509435,82.53046037060948
office31,D2W,source_anchored,0.5,0,320,31,0.95904141664505,True,85.53459119496856,84.39780570300155
office31,D2W,without_source_fusion,0.5,0,320,31,0.95904141664505,True,83.64779874213836,82.73057984492249
office31,D2W,source_anchored,0.5,1,320,31,0.9612416625022888,True,85.40880503144655,84.29027882128113
office31,D2W,without_source_fusion,0.5,1,320,31,0.9612416625022888,True,83.8993710691824,82.94563360836337
office31,D2W,source_anchored,0.5,2,320,31,0.9613704681396484,True,85.78616352201259,84.61285946644242
office31,D2W,without_source_fusion,0.5,2,320,31,0.9613704681396484,True,83.39622641509435,82.53046037060948
office31,D2W,source_anchored,0.5,3,320,31,0.9579729437828064,True,85.40880503144655,84.29027882128113
office31,D2W,without_source_fusion,0.5,3,320,31,0.9579729437828064,True,83.39622641509435,82.50357865017936
office31,D2W,source_anchored,0.5,4,320,31,0.9626998901367188,True,85.53459119496856,84.58353395324593
office31,D2W,without_source_fusion,0.5,4,320,31,0.9626998901367188,True,83.52201257861635,82.6153724716506
office31,W2A,source_anchored,0.0,0,0,31,0.9907262921333313,True,81.2566560170394,80.87576652882686
office31,W2A,without_source_fusion,0.0,0,0,31,0.9907262921333313,True,81.18565850195243,80.80647839315489
office31,W2A,source_anchored,0.0,1,0,31,0.9907262921333313,True,81.2566560170394,80.87576652882686
office31,W2A,without_source_fusion,0.0,1,0,31,0.9907262921333313,True,81.18565850195243,80.80647839315489
office31,W2A,source_anchored,0.0,2,0,31,0.9907262921333313,True,81.2566560170394,80.87576652882686
office31,W2A,without_source_fusion,0.0,2,0,31,0.9907262921333313,True,81.18565850195243,80.80647839315489
office31,W2A,source_anchored,0.0,3,0,31,0.9907262921333313,True,81.2566560170394,80.87576652882686
office31,W2A,without_source_fusion,0.0,3,0,31,0.9907262921333313,True,81.18565850195243,80.80647839315489
office31,W2A,source_anchored,0.0,4,0,31,0.9907262921333313,True,81.2566560170394,80.87576652882686
office31,W2A,without_source_fusion,0.0,4,0,31,0.9907262921333313,True,81.18565850195243,80.80647839315489
office31,W2A,source_anchored,0.1,0,222,31,0.9929175972938538,True,81.18565850195243,80.80820852090382
office31,W2A,without_source_fusion,0.1,0,222,31,0.9929175972938538,True,81.07916222932198,80.70611997021582
office31,W2A,source_anchored,0.1,1,222,31,0.9927986860275269,True,81.22115725949591,80.84216437828923
office31,W2A,without_source_fusion,0.1,1,222,31,0.9927986860275269,True,81.11466098686546,80.74096459202418
office31,W2A,source_anchored,0.1,2,222,31,0.9931065440177917,True,81.18565850195243,80.80820852090382
office31,W2A,without_source_fusion,0.1,2,222,31,0.9931065440177917,True,81.11466098686546,80.74130393627537
office31,W2A,source_anchored,0.1,3,222,31,0.9933444261550903,True,81.18565850195243,80.80820852090382
office31,W2A,without_source_fusion,0.1,3,222,31,0.9933444261550903,True,81.15015974440894,80.7752180007372
office31,W2A,source_anchored,0.1,4,222,31,0.9932325482368469,True,81.18565850195243,80.80820852090382
office31,W2A,without_source_fusion,0.1,4,222,31,0.9932325482368469,True,81.11466098686546,80.74230160837381
office31,W2A,source_anchored,0.2,0,443,31,0.9919866919517517,True,81.18565850195243,80.8088668487511
office31,W2A,without_source_fusion,0.2,0,443,31,0.9919866919517517,True,81.07916222932198,80.70611997021584
office31,W2A,source_anchored,0.2,1,443,31,0.9918784499168396,True,81.15015974440894,80.77236622699702
office31,W2A,without_source_fusion,0.2,1,443,31,0.9918784499168396,True,81.04366347177849,80.67286423360126
office31,W2A,source_anchored,0.2,2,443,31,0.9921685457229614,True,81.15015974440894,80.77696249108271
office31,W2A,without_source_fusion,0.2,2,443,31,0.9921685457229614,True,81.04366347177849,80.67510437697044
office31,W2A,source_anchored,0.2,3,443,31,0.9916260242462158,True,81.18565850195243,80.80820852090382
office31,W2A,without_source_fusion,0.2,3,443,31,0.9916260242462158,True,81.008164714235,80.63994784123787
office31,W2A,source_anchored,0.2,4,443,31,0.9921051859855652,True,81.11466098686546,80.74234830585006
office31,W2A,without_source_fusion,0.2,4,443,31,0.9921051859855652,True,81.07916222932198,80.70645931446701
office31,W2A,source_anchored,0.3,0,665,31,0.9881842136383057,True,81.008164714235,80.64290007960247
office31,W2A,without_source_fusion,0.3,0,665,31,0.9881842136383057,True,81.008164714235,80.63891566914056
office31,W2A,source_anchored,0.3,1,665,31,0.987829327583313,True,80.97266595669151,80.60898601514062
office31,W2A,without_source_fusion,0.3,1,665,31,0.987829327583313,True,81.008164714235,80.6385763248894
office31,W2A,source_anchored,0.3,2,665,31,0.9883466958999634,True,80.93716719914804,80.57706729487566
office31,W2A,without_source_fusion,0.3,2,665,31,0.9883466958999634,True,80.97266595669151,80.60701752376316
office31,W2A,source_anchored,0.3,3,665,31,0.9872089624404907,True,81.04366347177849,80.67754169516209
office31,W2A,without_source_fusion,0.3,3,665,31,0.9872089624404907,True,81.04366347177849,80.67183206150396
office31,W2A,source_anchored,0.3,4,665,31,0.9870210289955139,True,80.93716719914804,80.57672795062449
office31,W2A,without_source_fusion,0.3,4,665,31,0.9870210289955139,True,80.97266595669151,80.605659932526
office31,W2A,source_anchored,0.4,0,887,31,0.9826782941818237,True,80.93716719914804,80.57672795062449
office31,W2A,without_source_fusion,0.4,0,887,31,0.9826782941818237,True,80.97266595669151,80.604229578263
office31,W2A,source_anchored,0.4,1,887,31,0.9821740984916687,True,80.93716719914804,80.57606962277723
office31,W2A,without_source_fusion,0.4,1,887,31,0.9821740984916687,True,80.93716719914804,80.56954348738545
office31,W2A,source_anchored,0.4,2,887,31,0.9817278981208801,True,80.93716719914804,80.5777530530499
office31,W2A,without_source_fusion,0.4,2,887,31,0.9817278981208801,True,80.93716719914804,80.57199208863442
office31,W2A,source_anchored,0.4,3,887,31,0.9829772114753723,True,81.07916222932198,80.70979975967822
office31,W2A,without_source_fusion,0.4,3,887,31,0.9829772114753723,True,81.07916222932198,80.70474845386735
office31,W2A,source_anchored,0.4,4,887,31,0.9817491769790649,True,80.97266595669151,80.6106694454133
office31,W2A,without_source_fusion,0.4,4,887,31,0.9817491769790649,True,81.04366347177849,80.67142702389884
office31,W2A,source_anchored,0.5,0,1108,31,0.9714077711105347,True,80.65317713880015,80.31361115369572
office31,W2A,without_source_fusion,0.5,0,1108,31,0.9714077711105347,True,80.58217962371317,80.23302047759066
office31,W2A,source_anchored,0.5,1,1108,31,0.974189817905426,True,80.68867589634363,80.33995851166613
office31,W2A,without_source_fusion,0.5,1,1108,31,0.974189817905426,True,80.93716719914804,80.57164567471136
office31,W2A,source_anchored,0.5,2,1108,31,0.9735227823257446,True,80.90166844160454,80.55003417873104
office31,W2A,without_source_fusion,0.5,2,1108,31,0.9735227823257446,True,80.90166844160454,80.53838993809678
office31,W2A,source_anchored,0.5,3,1108,31,0.9748842716217041,True,80.79517216897408,80.4430051066482
office31,W2A,without_source_fusion,0.5,3,1108,31,0.9748842716217041,True,80.86616968406106,80.50992632170393
office31,W2A,source_anchored,0.5,4,1108,31,0.9750171303749084,True,80.83067092651757,80.4736813556424
office31,W2A,without_source_fusion,0.5,4,1108,31,0.9750171303749084,True,80.93716719914804,80.56920414313427
office31,W2D,source_anchored,0.0,0,0,30,0.9722687005996704,True,86.34538152610442,86.88088384266506
office31,W2D,without_source_fusion,0.0,0,0,30,0.969429075717926,True,84.13654618473896,84.48734995719569
office31,W2D,source_anchored,0.0,1,0,30,0.9722687005996704,True,86.34538152610442,86.88088384266506
office31,W2D,without_source_fusion,0.0,1,0,30,0.969429075717926,True,84.13654618473896,84.48734995719569
office31,W2D,source_anchored,0.0,2,0,30,0.9722687005996704,True,86.34538152610442,86.88088384266506
office31,W2D,without_source_fusion,0.0,2,0,30,0.969429075717926,True,84.13654618473896,84.48734995719569
office31,W2D,source_anchored,0.0,3,0,30,0.9722687005996704,True,86.34538152610442,86.88088384266506
office31,W2D,without_source_fusion,0.0,3,0,30,0.969429075717926,True,84.13654618473896,84.48734995719569
office31,W2D,source_anchored,0.0,4,0,30,0.9722687005996704,True,86.34538152610442,86.88088384266506
office31,W2D,without_source_fusion,0.0,4,0,30,0.969429075717926,True,84.13654618473896,84.48734995719569
office31,W2D,source_anchored,0.1,0,42,31,0.9797031283378601,True,86.34538152610442,86.88088384266506
office31,W2D,without_source_fusion,0.1,0,42,31,0.9797031283378601,True,83.93574297188755,84.2884791692646
office31,W2D,source_anchored,0.1,1,42,30,0.9680066108703613,True,86.34538152610442,86.88088384266506
office31,W2D,without_source_fusion,0.1,1,42,30,0.9651669859886169,True,83.93574297188755,84.29485428082906
office31,W2D,source_anchored,0.1,2,42,31,0.9853044152259827,True,86.34538152610442,86.88088384266506
office31,W2D,without_source_fusion,0.1,2,42,31,0.9853044152259827,True,84.33734939759037,84.82611357786675
office31,W2D,source_anchored,0.1,3,42,31,0.9824833869934082,True,86.34538152610442,86.88088384266506
office31,W2D,without_source_fusion,0.1,3,42,31,0.9824833869934082,True,84.33734939759037,84.80993060235697
office31,W2D,source_anchored,0.1,4,42,30,0.965506911277771,True,86.34538152610442,86.88088384266506
office31,W2D,without_source_fusion,0.1,4,42,30,0.9626672267913818,True,84.13654618473896,84.32757985352659
office31,W2D,source_anchored,0.2,0,83,31,0.9711205959320068,True,86.54618473895582,87.20346448782634
office31,W2D,without_source_fusion,0.2,0,83,31,0.9711205959320068,True,83.73493975903614,83.85837164238288
office31,W2D,source_anchored,0.2,1,83,31,0.9775400757789612,True,86.54618473895582,87.20346448782634
office31,W2D,without_source_fusion,0.2,1,83,31,0.9775400757789612,True,84.13654618473896,84.61743492599034
office31,W2D,source_anchored,0.2,2,83,31,0.9777140021324158,True,86.34538152610442,86.88088384266506
office31,W2D,without_source_fusion,0.2,2,83,31,0.9777140021324158,True,84.13654618473896,84.50353293270545
office31,W2D,source_anchored,0.2,3,83,31,0.977592408657074,True,86.54618473895582,87.20346448782634
office31,W2D,without_source_fusion,0.2,3,83,31,0.977592408657074,True,83.93574297188755,84.3632804782875
office31,W2D,source_anchored,0.2,4,83,31,0.977916955947876,True,86.34538152610442,86.88088384266506
office31,W2D,without_source_fusion,0.2,4,83,31,0.977916955947876,True,83.73493975903614,84.04069983312621
office31,W2D,source_anchored,0.3,0,125,31,0.976104736328125,True,86.34538152610442,86.88088384266506
office31,W2D,without_source_fusion,0.3,0,125,31,0.976104736328125,True,83.93574297188755,84.46443224844347
office31,W2D,source_anchored,0.3,1,125,31,0.9722153544425964,True,86.14457831325302,86.75681436375687
office31,W2D,without_source_fusion,0.3,1,125,31,0.9722153544425964,True,83.73493975903614,84.14822671484666
office31,W2D,source_anchored,0.3,2,125,31,0.9739776253700256,True,86.34538152610442,86.88088384266506
office31,W2D,without_source_fusion,0.3,2,125,31,0.9739776253700256,True,83.93574297188755,84.2884791692646
office31,W2D,source_anchored,0.3,3,125,31,0.9694353342056274,True,86.34538152610442,86.88088384266506
office31,W2D,without_source_fusion,0.3,3,125,31,0.9694353342056274,True,83.93574297188755,84.2884791692646
office31,W2D,source_anchored,0.3,4,125,31,0.9719467759132385,True,86.34538152610442,86.88088384266506
office31,W2D,without_source_fusion,0.3,4,125,31,0.9719467759132385,True,84.33734939759037,84.65016049868788
office31,W2D,source_anchored,0.4,0,167,31,0.9640077352523804,True,86.14457831325302,86.75681436375687
office31,W2D,without_source_fusion,0.4,0,167,31,0.9640077352523804,True,84.13654618473896,84.43510673524702
office31,W2D,source_anchored,0.4,1,167,31,0.9596083760261536,True,86.54618473895582,87.20346448782634
office31,W2D,without_source_fusion,0.4,1,167,31,0.9596083760261536,True,83.53413654618474,83.64331787894201
office31,W2D,source_anchored,0.4,2,167,31,0.9629878997802734,True,85.94377510040161,86.29598487066932
office31,W2D,without_source_fusion,0.4,2,167,31,0.9629878997802734,True,84.13654618473896,84.43510673524702
office31,W2D,source_anchored,0.4,3,167,31,0.9591576457023621,True,85.94377510040161,86.29598487066932
office31,W2D,without_source_fusion,0.4,3,167,31,0.9591576457023621,True,84.13654618473896,84.43510673524702
office31,W2D,source_anchored,0.4,4,167,31,0.9678035378456116,True,85.94377510040161,86.29598487066932
office31,W2D,without_source_fusion,0.4,4,167,31,0.9678035378456116,True,83.93574297188755,84.29485428082906
office31,W2D,source_anchored,0.5,0,208,31,0.9483166337013245,True,86.14457831325302,86.4200543495775
office31,W2D,without_source_fusion,0.5,0,208,31,0.9483166337013245,True,83.93574297188755,84.2884791692646
office31,W2D,source_anchored,0.5,1,208,31,0.9522594213485718,True,86.14457831325302,86.75681436375687
office31,W2D,without_source_fusion,0.5,1,208,31,0.9522594213485718,True,83.93574297188755,84.11252609008571
office31,W2D,source_anchored,0.5,2,208,31,0.9471478462219238,True,86.34538152610442,86.88088384266506
office31,W2D,without_source_fusion,0.5,2,208,31,0.9471478462219238,True,84.13654618473896,84.50353293270545
office31,W2D,source_anchored,0.5,3,208,31,0.9534966349601746,True,85.94377510040161,86.63274488484868
office31,W2D,without_source_fusion,0.5,3,208,31,0.9534966349601746,True,83.73493975903614,83.96589852410331
office31,W2D,source_anchored,0.5,4,208,31,0.9537079930305481,True,86.34538152610442,86.8912229659074
office31,W2D,without_source_fusion,0.5,4,208,31,0.9537079930305481,True,83.73493975903614,84.14822671484666
officehome,A2C,source_anchored,0.0,0,0,65,0.9741895198822021,True,66.68957617411225,66.46487720183573
officehome,A2C,without_source_fusion,0.0,0,0,65,0.9741895198822021,True,66.71248568155784,66.22076340501054
officehome,A2C,source_anchored,0.0,1,0,65,0.9741895198822021,True,66.68957617411225,66.46487720183573
officehome,A2C,without_source_fusion,0.0,1,0,65,0.9741895198822021,True,66.71248568155784,66.22076340501054
officehome,A2C,source_anchored,0.0,2,0,65,0.9741895198822021,True,66.68957617411225,66.46487720183573
officehome,A2C,without_source_fusion,0.0,2,0,65,0.9741895198822021,True,66.71248568155784,66.22076340501054
officehome,A2C,source_anchored,0.0,3,0,65,0.9741895198822021,True,66.68957617411225,66.46487720183573
officehome,A2C,without_source_fusion,0.0,3,0,65,0.9741895198822021,True,66.71248568155784,66.22076340501054
officehome,A2C,source_anchored,0.0,4,0,65,0.9741895198822021,True,66.68957617411225,66.46487720183573
officehome,A2C,without_source_fusion,0.0,4,0,65,0.9741895198822021,True,66.71248568155784,66.22076340501054
officehome,A2C,source_anchored,0.1,0,231,65,0.9804911017417908,True,66.89576174112256,66.65691519914962
officehome,A2C,without_source_fusion,0.1,0,231,65,0.9804911017417908,True,66.75830469644902,66.23859597027501
officehome,A2C,source_anchored,0.1,1,231,65,0.9802674651145935,True,66.7812142038946,66.51407064688497
officehome,A2C,without_source_fusion,0.1,1,231,65,0.9802674651145935,True,66.68957617411225,66.20221972238166
officehome,A2C,source_anchored,0.1,2,231,65,0.9812601208686829,True,66.7812142038946,66.53921347658579
officehome,A2C,without_source_fusion,0.1,2,231,65,0.9812601208686829,True,66.7812142038946,66.33691752694921
officehome,A2C,source_anchored,0.1,3,231,65,0.978419303894043,True,66.68957617411225,66.44264884442427
officehome,A2C,without_source_fusion,0.1,3,231,65,0.978419303894043,True,66.68957617411225,66.23987627081405
officehome,A2C,source_anchored,0.1,4,231,65,0.9805029034614563,True,66.7812142038946,66.58238875329371
officehome,A2C,without_source_fusion,0.1,4,231,65,0.9805029034614563,True,66.66666666666666,66.17936336750351
officehome,A2C,source_anchored,0.2,0,461,65,0.9797555804252625,True,66.8041237113402,66.60405065381015
officehome,A2C,without_source_fusion,0.2,0,461,65,0.9797555804252625,True,66.62084765177548,66.14092117219857
officehome,A2C,source_anchored,0.2,1,461,65,0.9812275767326355,True,66.89576174112256,66.69049570909942
officehome,A2C,without_source_fusion,0.2,1,461,65,0.9812275767326355,True,66.73539518900343,66.24841917954599
officehome,A2C,source_anchored,0.2,2,461,65,0.9808555841445923,True,66.87285223367697,66.63792167845725
officehome,A2C,without_source_fusion,0.2,2,461,65,0.9808555841445923,True,66.59793814432989,66.09914742298218
officehome,A2C,source_anchored,0.2,3,461,65,0.9807062149047852,True,66.7812142038946,66.58308846051054
officehome,A2C,without_source_fusion,0.2,3,461,65,0.9807062149047852,True,66.68957617411225,66.24165377293119
officehome,A2C,source_anchored,0.2,4,461,65,0.9809423685073853,True,66.75830469644902,66.59034586507211
officehome,A2C,without_source_fusion,0.2,4,461,65,0.9809423685073853,True,66.68957617411225,66.17773851313488
officehome,A2C,source_anchored,0.3,0,692,65,0.9797071218490601,True,66.75830469644902,66.52597931037559
officehome,A2C,without_source_fusion,0.3,0,692,65,0.9797071218490601,True,66.68957617411225,66.19879398433248
officehome,A2C,source_anchored,0.3,1,692,65,0.9802936315536499,True,66.73539518900343,66.51374396934658
officehome,A2C,without_source_fusion,0.3,1,692,65,0.9802936315536499,True,66.62084765177548,66.1798157015154
officehome,A2C,source_anchored,0.3,2,692,65,0.9807041883468628,True,66.82703321878579,66.58741071104969
officehome,A2C,without_source_fusion,0.3,2,692,65,0.9807041883468628,True,66.68957617411225,66.16108205689554
officehome,A2C,source_anchored,0.3,3,692,65,0.9804584980010986,True,66.8041237113402,66.58769606657805
officehome,A2C,without_source_fusion,0.3,3,692,65,0.9804584980010986,True,66.73539518900343,66.26782770021117
officehome,A2C,source_anchored,0.3,4,692,65,0.9799909591674805,True,66.84994272623138,66.59089306336783
officehome,A2C,without_source_fusion,0.3,4,692,65,0.9799909591674805,True,66.59793814432989,66.11685549003663
officehome,A2C,source_anchored,0.4,0,923,65,0.9773553013801575,True,66.8041237113402,66.54679406274073
officehome,A2C,without_source_fusion,0.4,0,923,65,0.9773553013801575,True,66.59793814432989,66.06962742062966
officehome,A2C,source_anchored,0.4,1,923,65,0.9771012663841248,True,66.73539518900343,66.49219574666702
officehome,A2C,without_source_fusion,0.4,1,923,65,0.9771012663841248,True,66.50630011454753,65.9814781237747
officehome,A2C,source_anchored,0.4,2,923,65,0.9780756831169128,True,66.84994272623138,66.59076755322799
officehome,A2C,without_source_fusion,0.4,2,923,65,0.9780756831169128,True,66.64375715922107,66.13578587410883
officehome,A2C,source_anchored,0.4,3,923,65,0.9772638082504272,True,66.75830469644902,66.5215537228952
officehome,A2C,without_source_fusion,0.4,3,923,65,0.9772638082504272,True,66.68957617411225,66.16904901732464
officehome,A2C,source_anchored,0.4,4,923,65,0.9762289524078369,True,66.66666666666666,66.38661865341197
officehome,A2C,without_source_fusion,0.4,4,923,65,0.9762289524078369,True,66.59793814432989,66.07163033786965
officehome,A2C,source_anchored,0.5,0,1154,65,0.9739439487457275,True,66.71248568155784,66.47783501900294
officehome,A2C,without_source_fusion,0.5,0,1154,65,0.9739439487457275,True,66.46048109965635,66.0089688788514
officehome,A2C,source_anchored,0.5,1,1154,65,0.974233090877533,True,66.8041237113402,66.5789600291704
officehome,A2C,without_source_fusion,0.5,1,1154,65,0.974233090877533,True,66.62084765177548,66.07141665826916
officehome,A2C,source_anchored,0.5,2,1154,65,0.9738904237747192,True,66.75830469644902,66.46118126643195
officehome,A2C,without_source_fusion,0.5,2,1154,65,0.9738904237747192,True,66.39175257731958,65.80934280992443
officehome,A2C,source_anchored,0.5,3,1154,65,0.973244845867157,True,66.7812142038946,66.50370711844965
officehome,A2C,without_source_fusion,0.5,3,1154,65,0.973244845867157,True,66.5750286368843,66.03442380831991
officehome,A2C,source_anchored,0.5,4,1154,65,0.9748444557189941,True,66.82703321878579,66.53759867667436
officehome,A2C,without_source_fusion,0.5,4,1154,65,0.9748444557189941,True,66.50630011454753,65.94981298760308
officehome,A2P,source_anchored,0.0,0,0,64,0.9854630827903748,True,87.99279116918225,87.35002550537693
officehome,A2P,without_source_fusion,0.0,0,0,64,0.9842466115951538,True,87.79004280243298,87.13706632885976
officehome,A2P,source_anchored,0.0,1,0,64,0.9854630827903748,True,87.99279116918225,87.35002550537693
officehome,A2P,without_source_fusion,0.0,1,0,64,0.9842466115951538,True,87.79004280243298,87.13706632885976
officehome,A2P,source_anchored,0.0,2,0,64,0.9854630827903748,True,87.99279116918225,87.35002550537693
officehome,A2P,without_source_fusion,0.0,2,0,64,0.9842466115951538,True,87.79004280243298,87.13706632885976
officehome,A2P,source_anchored,0.0,3,0,64,0.9854630827903748,True,87.99279116918225,87.35002550537693
officehome,A2P,without_source_fusion,0.0,3,0,64,0.9842466115951538,True,87.79004280243298,87.13706632885976
officehome,A2P,source_anchored,0.0,4,0,64,0.9854630827903748,True,87.99279116918225,87.35002550537693
officehome,A2P,without_source_fusion,0.0,4,0,64,0.9842466115951538,True,87.79004280243298,87.13706632885976
officehome,A2P,source_anchored,0.1,0,370,65,0.9898744821548462,True,87.99279116918225,87.35268413706783
officehome,A2P,without_source_fusion,0.1,0,370,65,0.9898744821548462,True,87.79004280243298,87.13706632885976
officehome,A2P,source_anchored,0.1,1,370,65,0.9907547235488892,True,88.06037395809867,87.43037022525654
officehome,A2P,without_source_fusion,0.1,1,370,65,0.9907547235488892,True,87.76751520612751,87.09088491171057
officehome,A2P,source_anchored,0.1,2,370,65,0.9917060136795044,True,87.99279116918225,87.36147239182382
officehome,A2P,without_source_fusion,0.1,2,370,65,0.9917060136795044,True,87.79004280243298,87.1304917069005
officehome,A2P,source_anchored,0.1,3,370,65,0.9911032915115356,True,87.97026357287677,87.34330999866144
officehome,A2P,without_source_fusion,0.1,3,370,65,0.9911032915115356,True,87.76751520612751,87.09347891521327
officehome,A2P,source_anchored,0.1,4,370,65,0.9917855858802795,True,87.99279116918225,87.36195801730946
officehome,A2P,without_source_fusion,0.1,4,370,65,0.9917855858802795,True,87.79004280243298,87.1304917069005
officehome,A2P,source_anchored,0.2,0,741,65,0.9883209466934204,True,88.03784636179319,87.41434458423089
officehome,A2P,without_source_fusion,0.2,0,741,65,0.9883209466934204,True,87.76751520612751,87.12002887476571
officehome,A2P,source_anchored,0.2,1,741,65,0.9880391955375671,True,87.92520838026583,87.32115462007319
officehome,A2P,without_source_fusion,0.2,1,741,65,0.9880391955375671,True,87.74498760982203,87.06041896188981
officehome,A2P,source_anchored,0.2,2,741,65,0.9869924783706665,True,87.92520838026583,87.29150618232273
officehome,A2P,without_source_fusion,0.2,2,741,65,0.9869924783706665,True,87.72246001351655,87.06250093262238
officehome,A2P,source_anchored,0.2,3,741,65,0.9876693487167358,True,87.97026357287677,87.34437837472981
officehome,A2P,without_source_fusion,0.2,3,741,65,0.9876693487167358,True,87.79004280243298,87.13972496055062
officehome,A2P,source_anchored,0.2,4,741,65,0.9889644980430603,True,87.92520838026583,87.30247046185414
officehome,A2P,without_source_fusion,0.2,4,741,65,0.9889644980430603,True,87.72246001351655,87.05469671084201
officehome,A2P,source_anchored,0.3,0,1111,65,0.9829930663108826,True,87.92520838026583,87.2837863036351
officehome,A2P,without_source_fusion,0.3,0,1111,65,0.9829930663108826,True,87.72246001351655,87.06707538790106
officehome,A2P,source_anchored,0.3,1,1111,65,0.9813178181648254,True,87.92520838026583,87.30247046185414
officehome,A2P,without_source_fusion,0.3,1,1111,65,0.9813178181648254,True,87.74498760982203,87.05660763237425
officehome,A2P,source_anchored,0.3,2,1111,65,0.9816645383834839,True,87.88015318765487,87.23091411122803
officehome,A2P,without_source_fusion,0.3,2,1111,65,0.9816645383834839,True,87.79004280243298,87.11268014409193
officehome,A2P,source_anchored,0.3,3,1111,65,0.9810623526573181,True,87.92520838026583,87.26510214541607
officehome,A2P,without_source_fusion,0.3,3,1111,65,0.9810623526573181,True,87.74498760982203,87.06097038179604
officehome,A2P,source_anchored,0.3,4,1111,65,0.9820964932441711,True,87.90268078396035,87.26669228654109
officehome,A2P,without_source_fusion,0.3,4,1111,65,0.9820964932441711,True,87.65487722460014,86.97241851859904
officehome,A2P,source_anchored,0.4,0,1482,65,0.9735645055770874,True,87.88015318765487,87.22148292938306
officehome,A2P,without_source_fusion,0.4,0,1482,65,0.9735645055770874,True,87.63234962829466,86.9543423332784
officehome,A2P,source_anchored,0.4,1,1482,65,0.9728255271911621,True,87.92520838026583,87.27437602565769
officehome,A2P,without_source_fusion,0.4,1,1482,65,0.9728255271911621,True,87.72246001351655,87.04113341125486
officehome,A2P,source_anchored,0.4,2,1482,65,0.9725940227508545,True,87.92520838026583,87.26339084225873
officehome,A2P,without_source_fusion,0.4,2,1482,65,0.9725940227508545,True,87.63234962829466,86.92321280378899
officehome,A2P,source_anchored,0.4,3,1482,65,0.9737447500228882,True,87.8576255913494,87.21537409568802
officehome,A2P,without_source_fusion,0.4,3,1482,65,0.9737447500228882,True,87.72246001351655,87.04623858902903
officehome,A2P,source_anchored,0.4,4,1482,65,0.9726940989494324,True,87.88015318765487,87.23091411122803
officehome,A2P,without_source_fusion,0.4,4,1482,65,0.9726940989494324,True,87.69993241721107,87.04593763802387
officehome,A2P,source_anchored,0.5,0,1852,65,0.9624055624008179,True,87.83509799504394,87.19665484097555
officehome,A2P,without_source_fusion,0.5,0,1852,65,0.9624055624008179,True,87.54223924307276,86.84979992421117
officehome,A2P,source_anchored,0.5,1,1852,65,0.9626461863517761,True,87.79004280243298,87.13902165543242
officehome,A2P,without_source_fusion,0.5,1,1852,65,0.9626461863517761,True,87.54223924307276,86.87108995107616
officehome,A2P,source_anchored,0.5,2,1852,65,0.9618920683860779,True,87.90268078396035,87.25572800700968
officehome,A2P,without_source_fusion,0.5,2,1852,65,0.9618920683860779,True,87.63234962829466,86.93347163684089
officehome,A2P,source_anchored,0.5,3,1852,65,0.9600202441215515,True,87.88015318765487,87.23191669287577
officehome,A2P,without_source_fusion,0.5,3,1852,65,0.9600202441215515,True,87.60982203198918,86.93564981420853
officehome,A2P,source_anchored,0.5,4,1852,65,0.962684154510498,True,87.90268078396035,87.25726110469611
officehome,A2P,without_source_fusion,0.5,4,1852,65,0.962684154510498,True,87.60982203198918,86.92530813069484
officehome,A2R,source_anchored,0.0,0,0,64,0.9851746559143066,True,88.73077805829699,86.78719280747971
officehome,A2R,without_source_fusion,0.0,0,0,64,0.9839046597480774,True,88.2946981868258,86.28873729198064
officehome,A2R,source_anchored,0.0,1,0,64,0.9851746559143066,True,88.73077805829699,86.78719280747971
officehome,A2R,without_source_fusion,0.0,1,0,64,0.9839046597480774,True,88.2946981868258,86.28873729198064
officehome,A2R,source_anchored,0.0,2,0,64,0.9851746559143066,True,88.73077805829699,86.78719280747971
officehome,A2R,without_source_fusion,0.0,2,0,64,0.9839046597480774,True,88.2946981868258,86.28873729198064
officehome,A2R,source_anchored,0.0,3,0,64,0.9851746559143066,True,88.73077805829699,86.78719280747971
officehome,A2R,without_source_fusion,0.0,3,0,64,0.9839046597480774,True,88.2946981868258,86.28873729198064
officehome,A2R,source_anchored,0.0,4,0,64,0.9851746559143066,True,88.73077805829699,86.78719280747971
officehome,A2R,without_source_fusion,0.0,4,0,64,0.9839046597480774,True,88.2946981868258,86.28873729198064
officehome,A2R,source_anchored,0.1,0,360,65,0.9907069206237793,True,88.73077805829699,86.83149014955761
officehome,A2R,without_source_fusion,0.1,0,360,65,0.9907069206237793,True,88.20289189809502,86.2925318768518
officehome,A2R,source_anchored,0.1,1,360,65,0.9907345175743103,True,88.73077805829699,86.82995838245371
officehome,A2R,without_source_fusion,0.1,1,360,65,0.9907345175743103,True,88.17994032591233,86.29323937746221
officehome,A2R,source_anchored,0.1,2,360,65,0.9912682175636292,True,88.75372963047968,86.84940715286018
officehome,A2R,without_source_fusion,0.1,2,360,65,0.9912682175636292,True,88.27174661464309,86.36936582318084
officehome,A2R,source_anchored,0.1,3,360,65,0.9904895424842834,True,88.75372963047968,86.85648941982946
officehome,A2R,without_source_fusion,0.1,3,360,65,0.9904895424842834,True,88.2946981868258,86.40816837889861
officehome,A2R,source_anchored,0.1,4,360,65,0.9914731383323669,True,88.79963277484507,86.8862684264503
officehome,A2R,without_source_fusion,0.1,4,360,65,0.9914731383323669,True,88.22584347027771,86.34394129443555
officehome,A2R,source_anchored,0.2,0,721,65,0.9891114234924316,True,88.75372963047968,86.8525206596418
officehome,A2R,without_source_fusion,0.2,0,721,65,0.9891114234924316,True,88.11108560936424,86.19603737450528
officehome,A2R,source_anchored,0.2,1,721,65,0.9883584976196289,True,88.73077805829699,86.83352730731511
officehome,A2R,without_source_fusion,0.2,1,721,65,0.9883584976196289,True,88.17994032591233,86.26824273636903
officehome,A2R,source_anchored,0.2,2,721,65,0.989098310470581,True,88.75372963047968,86.85808713721507
officehome,A2R,without_source_fusion,0.2,2,721,65,0.989098310470581,True,88.17994032591233,86.26547086319539
officehome,A2R,source_anchored,0.2,3,721,65,0.9882470965385437,True,88.77668120266237,86.89272079603134
officehome,A2R,without_source_fusion,0.2,3,721,65,0.9882470965385437,True,88.22584347027771,86.33180366141399
officehome,A2R,source_anchored,0.2,4,721,65,0.9886365532875061,True,88.7078264861143,86.80859002434062
officehome,A2R,without_source_fusion,0.2,4,721,65,0.9886365532875061,True,88.17994032591233,86.25679628703305
officehome,A2R,source_anchored,0.3,0,1081,65,0.9825059175491333,True,88.77668120266237,86.90420049662067
officehome,A2R,without_source_fusion,0.3,0,1081,65,0.9825059175491333,True,88.20289189809502,86.30341122631575
officehome,A2R,source_anchored,0.3,1,1081,65,0.9826142191886902,True,88.6848749139316,86.77522985616251
officehome,A2R,without_source_fusion,0.3,1,1081,65,0.9826142191886902,True,88.08813403718155,86.14146981983794
officehome,A2R,source_anchored,0.3,2,1081,65,0.9837023615837097,True,88.75372963047968,86.88120152789584
officehome,A2R,without_source_fusion,0.3,2,1081,65,0.9837023615837097,True,88.15698875372962,86.23728963277935
officehome,A2R,source_anchored,0.3,3,1081,65,0.9821954965591431,True,88.75372963047968,86.85937654885062
officehome,A2R,without_source_fusion,0.3,3,1081,65,0.9821954965591431,True,88.11108560936424,86.19524700318138
officehome,A2R,source_anchored,0.3,4,1081,65,0.9831768870353699,True,88.73077805829699,86.83258418036789
officehome,A2R,without_source_fusion,0.3,4,1081,65,0.9831768870353699,True,88.13403718154693,86.21397960946932
officehome,A2R,source_anchored,0.4,0,1442,65,0.9750527739524841,True,88.73077805829699,86.81437045140149
officehome,A2R,without_source_fusion,0.4,0,1442,65,0.9750527739524841,True,88.11108560936424,86.19615501123606
officehome,A2R,source_anchored,0.4,1,1442,65,0.9747724533081055,True,88.73077805829699,86.80359141149381
officehome,A2R,without_source_fusion,0.4,1,1442,65,0.9747724533081055,True,88.17994032591233,86.28588943814917
officehome,A2R,source_anchored,0.4,2,1442,65,0.9752198457717896,True,88.61602019738352,86.7015653800363
officehome,A2R,without_source_fusion,0.4,2,1442,65,0.9752198457717896,True,88.08813403718155,86.15824973878713
officehome,A2R,source_anchored,0.4,3,1442,65,0.9757480621337891,True,88.73077805829699,86.8736759251781
officehome,A2R,without_source_fusion,0.4,3,1442,65,0.9757480621337891,True,88.22584347027771,86.32387821812513
officehome,A2R,source_anchored,0.4,4,1442,65,0.9748331308364868,True,88.73077805829699,86.81798584433336
officehome,A2R,without_source_fusion,0.4,4,1442,65,0.9748331308364868,True,88.08813403718155,86.15945901232926
officehome,A2R,source_anchored,0.5,0,1802,65,0.9652078151702881,True,88.75372963047968,86.8749412941754
officehome,A2R,without_source_fusion,0.5,0,1802,65,0.9652078151702881,True,88.15698875372962,86.22238577692649
officehome,A2R,source_anchored,0.5,1,1802,65,0.9646862745285034,True,88.6619233417489,86.74751054268305
officehome,A2R,without_source_fusion,0.5,1,1802,65,0.9646862745285034,True,88.13403718154693,86.21103255214179
officehome,A2R,source_anchored,0.5,2,1802,65,0.9650280475616455,True,88.7078264861143,86.78460344252102
officehome,A2R,without_source_fusion,0.5,2,1802,65,0.9650280475616455,True,88.04223089281615,86.08628197668699
officehome,A2R,source_anchored,0.5,3,1802,65,0.9641273617744446,True,88.63897176956621,86.72164610827939
officehome,A2R,without_source_fusion,0.5,3,1802,65,0.9641273617744446,True,88.11108560936424,86.21886597105876
officehome,A2R,source_anchored,0.5,4,1802,65,0.9646881222724915,True,88.63897176956621,86.71580656554562
officehome,A2R,without_source_fusion,0.5,4,1802,65,0.9646881222724915,True,88.06518246499884,86.13451965662439
officehome,C2A,source_anchored,0.0,0,0,64,0.9663699269294739,True,79.68685620107128,75.42198968938507
officehome,C2A,without_source_fusion,0.0,0,0,64,0.9651697874069214,True,79.15121549237742,74.93633591957463
officehome,C2A,source_anchored,0.0,1,0,64,0.9663699269294739,True,79.68685620107128,75.42198968938507
officehome,C2A,without_source_fusion,0.0,1,0,64,0.9651697874069214,True,79.15121549237742,74.93633591957463
officehome,C2A,source_anchored,0.0,2,0,64,0.9663699269294739,True,79.68685620107128,75.42198968938507
officehome,C2A,without_source_fusion,0.0,2,0,64,0.9651697874069214,True,79.15121549237742,74.93633591957463
officehome,C2A,source_anchored,0.0,3,0,64,0.9663699269294739,True,79.68685620107128,75.42198968938507
officehome,C2A,without_source_fusion,0.0,3,0,64,0.9651697874069214,True,79.15121549237742,74.93633591957463
officehome,C2A,source_anchored,0.0,4,0,64,0.9663699269294739,True,79.68685620107128,75.42198968938507
officehome,C2A,without_source_fusion,0.0,4,0,64,0.9651697874069214,True,79.15121549237742,74.93633591957463
officehome,C2A,source_anchored,0.1,0,165,64,0.9654331207275391,True,79.81046559538525,75.6509274183228
officehome,C2A,without_source_fusion,0.1,0,165,64,0.9642329216003418,True,79.19241862381541,74.97472143695174
officehome,C2A,source_anchored,0.1,1,165,65,0.9744459390640259,True,79.89287185826123,75.74902140949061
officehome,C2A,without_source_fusion,0.1,1,165,65,0.9744459390640259,True,79.35723114956737,75.18056717851177
officehome,C2A,source_anchored,0.1,2,165,65,0.97129887342453,True,79.85166872682325,75.7206771130725
officehome,C2A,without_source_fusion,0.1,2,165,65,0.97129887342453,True,79.23362175525341,75.07473253696284
officehome,C2A,source_anchored,0.1,3,165,65,0.9711146950721741,True,79.81046559538525,75.73456600196138
officehome,C2A,without_source_fusion,0.1,3,165,65,0.9711146950721741,True,79.15121549237742,74.96820018043049
officehome,C2A,source_anchored,0.1,4,165,65,0.972844660282135,True,79.85166872682325,75.75439339678879
officehome,C2A,without_source_fusion,0.1,4,165,65,0.972844660282135,True,79.31602801812939,75.0664313143759
officehome,C2A,source_anchored,0.2,0,330,65,0.9689723253250122,True,79.6456530696333,75.36420574206623
officehome,C2A,without_source_fusion,0.2,0,330,65,0.9689723253250122,True,79.27482488669139,75.17193796311562
officehome,C2A,source_anchored,0.2,1,330,65,0.9682149291038513,True,79.93407498969923,75.90641645532959
officehome,C2A,without_source_fusion,0.2,1,330,65,0.9682149291038513,True,79.06880922950144,74.85744981968013
officehome,C2A,source_anchored,0.2,2,330,65,0.9695296287536621,True,79.89287185826123,75.9218150898517
officehome,C2A,without_source_fusion,0.2,2,330,65,0.9695296287536621,True,79.11001236093944,74.95679435647112
officehome,C2A,source_anchored,0.2,3,330,65,0.9682404398918152,True,79.6456530696333,75.43983295722833
officehome,C2A,without_source_fusion,0.2,3,330,65,0.9682404398918152,True,78.90399670374948,74.63380693140309
officehome,C2A,source_anchored,0.2,4,330,65,0.9680564403533936,True,79.72805933250928,75.55091028569699
officehome,C2A,without_source_fusion,0.2,4,330,65,0.9680564403533936,True,79.15121549237742,75.05350973214541
officehome,C2A,source_anchored,0.3,0,495,65,0.9646640419960022,True,79.89287185826123,75.7447780121734
officehome,C2A,without_source_fusion,0.3,0,495,65,0.9646640419960022,True,79.19241862381541,75.07777919790423
officehome,C2A,source_anchored,0.3,1,495,65,0.9629775881767273,True,79.85166872682325,75.80582807322345
officehome,C2A,without_source_fusion,0.3,1,495,65,0.9629775881767273,True,79.19241862381541,75.0617386386306
officehome,C2A,source_anchored,0.3,2,495,65,0.96452796459198,True,79.68685620107128,75.46852648592187
officehome,C2A,without_source_fusion,0.3,2,495,65,0.96452796459198,True,79.06880922950144,74.92620750309946
officehome,C2A,source_anchored,0.3,3,495,65,0.961783766746521,True,79.85166872682325,75.77041903781443
officehome,C2A,without_source_fusion,0.3,3,495,65,0.961783766746521,True,79.06880922950144,74.90276269394037
officehome,C2A,source_anchored,0.3,4,495,65,0.9652005434036255,True,79.52204367531932,75.29603024667556
officehome,C2A,without_source_fusion,0.3,4,495,65,0.9652005434036255,True,78.98640296662546,74.85861347257595
officehome,C2A,source_anchored,0.4,0,660,65,0.9573445320129395,True,79.72805933250928,75.67395994135533
officehome,C2A,without_source_fusion,0.4,0,660,65,0.9573445320129395,True,79.06880922950144,74.9316533938837
officehome,C2A,source_anchored,0.4,1,660,65,0.9584367275238037,True,80.05768438401319,75.87040238779778
officehome,C2A,without_source_fusion,0.4,1,660,65,0.9584367275238037,True,79.11001236093944,74.92598654611159
officehome,C2A,source_anchored,0.4,2,660,65,0.9603599905967712,True,79.72805933250928,75.53795102273772
officehome,C2A,without_source_fusion,0.4,2,660,65,0.9603599905967712,True,79.19241862381541,75.16194503207007
officehome,C2A,source_anchored,0.4,3,660,65,0.9567030668258667,True,79.68685620107128,75.52391554131093
officehome,C2A,without_source_fusion,0.4,3,660,65,0.9567030668258667,True,79.02760609806346,74.83702038461654
officehome,C2A,source_anchored,0.4,4,660,65,0.9589828848838806,True,79.89287185826123,75.77432943479863
officehome,C2A,without_source_fusion,0.4,4,660,65,0.9589828848838806,True,79.11001236093944,74.99452911465416
officehome,C2A,source_anchored,0.5,0,825,65,0.9508854150772095,True,79.72805933250928,75.59878033896054
officehome,C2A,without_source_fusion,0.5,0,825,65,0.9508854150772095,True,79.06880922950144,74.89036208457433
officehome,C2A,source_anchored,0.5,1,825,65,0.9488447308540344,True,79.52204367531932,75.28076979816518
officehome,C2A,without_source_fusion,0.5,1,825,65,0.9488447308540344,True,78.86279357231149,74.78427085805723
officehome,C2A,source_anchored,0.5,2,825,65,0.9510607123374939,True,79.76926246394726,75.57751670205494
officehome,C2A,without_source_fusion,0.5,2,825,65,0.9510607123374939,True,79.06880922950144,74.95068174185941
officehome,C2A,source_anchored,0.5,3,825,65,0.9477121829986572,True,79.72805933250928,75.6974642148596
officehome,C2A,without_source_fusion,0.5,3,825,65,0.9477121829986572,True,79.15121549237742,75.01100617326398
officehome,C2A,source_anchored,0.5,4,825,65,0.949004054069519,True,79.76926246394726,75.84214682693353
officehome,C2A,without_source_fusion,0.5,4,825,65,0.949004054069519,True,78.94519983518748,74.75540479658245
officehome,C2P,source_anchored,0.0,0,0,64,0.9848620891571045,True,87.92520838026583,87.24540412484718
officehome,C2P,without_source_fusion,0.0,0,0,64,0.9835944771766663,True,87.72246001351655,87.05688167522905
officehome,C2P,source_anchored,0.0,1,0,64,0.9848620891571045,True,87.92520838026583,87.24540412484718
officehome,C2P,without_source_fusion,0.0,1,0,64,0.9835944771766663,True,87.72246001351655,87.05688167522905
officehome,C2P,source_anchored,0.0,2,0,64,0.9848620891571045,True,87.92520838026583,87.24540412484718
officehome,C2P,without_source_fusion,0.0,2,0,64,0.9835944771766663,True,87.72246001351655,87.05688167522905
officehome,C2P,source_anchored,0.0,3,0,64,0.9848620891571045,True,87.92520838026583,87.24540412484718
officehome,C2P,without_source_fusion,0.0,3,0,64,0.9835944771766663,True,87.72246001351655,87.05688167522905
officehome,C2P,source_anchored,0.0,4,0,64,0.9848620891571045,True,87.92520838026583,87.24540412484718
officehome,C2P,without_source_fusion,0.0,4,0,64,0.9835944771766663,True,87.72246001351655,87.05688167522905
officehome,C2P,source_anchored,0.1,0,368,65,0.9914402961730957,True,87.88015318765487,87.17437617386169
officehome,C2P,without_source_fusion,0.1,0,368,65,0.9914402961730957,True,87.76751520612751,87.11339768980649
officehome,C2P,source_anchored,0.1,1,368,65,0.991470217704773,True,87.83509799504394,87.1057908440695
officehome,C2P,without_source_fusion,0.1,1,368,65,0.991470217704773,True,87.67740482090561,86.99511811991401
officehome,C2P,source_anchored,0.1,2,368,65,0.9903812408447266,True,87.83509799504394,87.16340554996414
officehome,C2P,without_source_fusion,0.1,2,368,65,0.9903812408447266,True,87.67740482090561,87.0184858079621
officehome,C2P,source_anchored,0.1,3,368,65,0.9908940196037292,True,87.83509799504394,87.13079473441177
officehome,C2P,without_source_fusion,0.1,3,368,65,0.9908940196037292,True,87.74498760982203,87.08201625474764
officehome,C2P,source_anchored,0.1,4,368,65,0.990382969379425,True,87.81257039873846,87.11616923995052
officehome,C2P,without_source_fusion,0.1,4,368,65,0.990382969379425,True,87.72246001351655,87.04381677440334
officehome,C2P,source_anchored,0.2,0,737,65,0.9868837594985962,True,87.90268078396035,87.19902199065349
officehome,C2P,without_source_fusion,0.2,0,737,65,0.9868837594985962,True,87.65487722460014,86.96078869137524
officehome,C2P,source_anchored,0.2,1,737,65,0.9870888590812683,True,87.88015318765487,87.19767256394249
officehome,C2P,without_source_fusion,0.2,1,737,65,0.9870888590812683,True,87.67740482090561,87.0077972383838
officehome,C2P,source_anchored,0.2,2,737,65,0.9877660870552063,True,87.79004280243298,87.085718836407
officehome,C2P,without_source_fusion,0.2,2,737,65,0.9877660870552063,True,87.63234962829466,86.93211586051694
officehome,C2P,source_anchored,0.2,3,737,65,0.9867420196533203,True,87.8576255913494,87.16168220947135
officehome,C2P,without_source_fusion,0.2,3,737,65,0.9867420196533203,True,87.72246001351655,87.04899214918618
officehome,C2P,source_anchored,0.2,4,737,65,0.987451434135437,True,87.81257039873846,87.10194304638075
officehome,C2P,without_source_fusion,0.2,4,737,65,0.987451434135437,True,87.67740482090561,86.99094458199626
officehome,C2P,source_anchored,0.3,0,1105,65,0.9816256165504456,True,87.79004280243298,87.10530334296688
officehome,C2P,without_source_fusion,0.3,0,1105,65,0.9816256165504456,True,87.67740482090561,87.01405072152156
officehome,C2P,source_anchored,0.3,1,1105,65,0.9812250137329102,True,87.8576255913494,87.15741510788972
officehome,C2P,without_source_fusion,0.3,1,1105,65,0.9812250137329102,True,87.67740482090561,87.00367221114307
officehome,C2P,source_anchored,0.3,2,1105,65,0.9813401699066162,True,87.79004280243298,87.11201133022985
officehome,C2P,without_source_fusion,0.3,2,1105,65,0.9813401699066162,True,87.65487722460014,86.96163195409208
officehome,C2P,source_anchored,0.3,3,1105,65,0.9807449579238892,True,87.81257039873846,87.12237439281401
officehome,C2P,without_source_fusion,0.3,3,1105,65,0.9807449579238892,True,87.72246001351655,87.0422771153824
officehome,C2P,source_anchored,0.3,4,1105,65,0.981512725353241,True,87.74498760982203,87.03516561559759
officehome,C2P,without_source_fusion,0.3,4,1105,65,0.981512725353241,True,87.63234962829466,86.95730796771448
officehome,C2P,source_anchored,0.4,0,1473,65,0.9718401432037354,True,87.67740482090561,86.96001178846022
officehome,C2P,without_source_fusion,0.4,0,1473,65,0.9718401432037354,True,87.60982203198918,86.94066337865841
officehome,C2P,source_anchored,0.4,1,1473,65,0.9725856184959412,True,87.67740482090561,86.9549724888331
officehome,C2P,without_source_fusion,0.4,1,1473,65,0.9725856184959412,True,87.63234962829466,86.93996348171939
officehome,C2P,source_anchored,0.4,2,1473,65,0.9721292853355408,True,87.83509799504394,87.12929939643088
officehome,C2P,without_source_fusion,0.4,2,1473,65,0.9721292853355408,True,87.72246001351655,87.03099626158283
officehome,C2P,source_anchored,0.4,3,1473,65,0.972830593585968,True,87.83509799504394,87.12268214427101
officehome,C2P,without_source_fusion,0.4,3,1473,65,0.972830593585968,True,87.56476683937824,86.901296152478
officehome,C2P,source_anchored,0.4,4,1473,65,0.9723192453384399,True,87.76751520612751,87.06906839795398
officehome,C2P,without_source_fusion,0.4,4,1473,65,0.9723192453384399,True,87.60982203198918,86.92591441571585
officehome,C2P,source_anchored,0.5,0,1842,65,0.9635637998580933,True,87.81257039873846,87.12696773031185
officehome,C2P,without_source_fusion,0.5,0,1842,65,0.9635637998580933,True,87.58729443568372,86.89270898069361
officehome,C2P,source_anchored,0.5,1,1842,65,0.9623422026634216,True,87.63234962829466,86.91450501979422
officehome,C2P,without_source_fusion,0.5,1,1842,65,0.9623422026634216,True,87.54223924307276,86.84532926014712
officehome,C2P,source_anchored,0.5,2,1842,65,0.9627590179443359,True,87.74498760982203,86.99713730946299
officehome,C2P,without_source_fusion,0.5,2,1842,65,0.9627590179443359,True,87.56476683937824,86.85832623534742
officehome,C2P,source_anchored,0.5,3,1842,65,0.9620202779769897,True,87.72246001351655,87.01819688224639
officehome,C2P,without_source_fusion,0.5,3,1842,65,0.9620202779769897,True,87.54223924307276,86.88592003077692
officehome,C2P,source_anchored,0.5,4,1842,65,0.9606654047966003,True,87.65487722460014,86.91265454338797
officehome,C2P,without_source_fusion,0.5,4,1842,65,0.9606654047966003,True,87.56476683937824,86.86374045270803
officehome,C2R,source_anchored,0.0,0,0,65,0.9918806552886963,True,88.96029378012393,87.12254176817049
officehome,C2R,without_source_fusion,0.0,0,0,65,0.9918806552886963,True,88.31764975900849,86.44649966541567
officehome,C2R,source_anchored,0.0,1,0,65,0.9918806552886963,True,88.96029378012393,87.12254176817049
officehome,C2R,without_source_fusion,0.0,1,0,65,0.9918806552886963,True,88.31764975900849,86.44649966541567
officehome,C2R,source_anchored,0.0,2,0,65,0.9918806552886963,True,88.96029378012393,87.12254176817049
officehome,C2R,without_source_fusion,0.0,2,0,65,0.9918806552886963,True,88.31764975900849,86.44649966541567
officehome,C2R,source_anchored,0.0,3,0,65,0.9918806552886963,True,88.96029378012393,87.12254176817049
officehome,C2R,without_source_fusion,0.0,3,0,65,0.9918806552886963,True,88.31764975900849,86.44649966541567
officehome,C2R,source_anchored,0.0,4,0,65,0.9918806552886963,True,88.96029378012393,87.12254176817049
officehome,C2R,without_source_fusion,0.0,4,0,65,0.9918806552886963,True,88.31764975900849,86.44649966541567
officehome,C2R,source_anchored,0.1,0,356,65,0.9902302622795105,True,88.98324535230662,87.18070826141843
officehome,C2R,without_source_fusion,0.1,0,356,65,0.9902302622795105,True,88.17994032591233,86.25833923880225
officehome,C2R,source_anchored,0.1,1,356,65,0.991318941116333,True,88.86848749139315,87.02983074873183
officehome,C2R,without_source_fusion,0.1,1,356,65,0.991318941116333,True,88.22584347027771,86.32464931627256
officehome,C2R,source_anchored,0.1,2,356,65,0.9912288784980774,True,88.93734220794124,87.11287679715694
officehome,C2R,without_source_fusion,0.1,2,356,65,0.9912288784980774,True,88.20289189809502,86.2751626729878
officehome,C2R,source_anchored,0.1,3,356,65,0.9917802214622498,True,88.93734220794124,87.11786591181587
officehome,C2R,without_source_fusion,0.1,3,356,65,0.9917802214622498,True,88.17994032591233,86.26944835256415
officehome,C2R,source_anchored,0.1,4,356,65,0.9920508861541748,True,88.93734220794124,87.0991693306193
officehome,C2R,without_source_fusion,0.1,4,356,65,0.9920508861541748,True,88.22584347027771,86.31240475919361
officehome,C2R,source_anchored,0.2,0,713,65,0.9875572919845581,True,88.91439063575855,87.09124518099472
officehome,C2R,without_source_fusion,0.2,0,713,65,0.9875572919845581,True,88.20289189809502,86.32169913547236
officehome,C2R,source_anchored,0.2,1,713,65,0.9872281551361084,True,88.86848749139315,87.03703388653051
officehome,C2R,without_source_fusion,0.2,1,713,65,0.9872281551361084,True,88.06518246499884,86.13086602978682
officehome,C2R,source_anchored,0.2,2,713,65,0.9873625636100769,True,88.79963277484507,86.92679127911704
officehome,C2R,without_source_fusion,0.2,2,713,65,0.9873625636100769,True,88.17994032591233,86.26711913275749
officehome,C2R,source_anchored,0.2,3,713,65,0.9880085587501526,True,88.86848749139315,87.02502989934041
officehome,C2R,without_source_fusion,0.2,3,713,65,0.9880085587501526,True,88.17994032591233,86.25368349532705
officehome,C2R,source_anchored,0.2,4,713,65,0.9885008335113525,True,88.86848749139315,86.99368290527993
officehome,C2R,without_source_fusion,0.2,4,713,65,0.9885008335113525,True,88.13403718154693,86.21123178863837
officehome,C2R,source_anchored,0.3,0,1070,65,0.9826985001564026,True,88.86848749139315,87.01738171222944
officehome,C2R,without_source_fusion,0.3,0,1070,65,0.9826985001564026,True,88.15698875372962,86.25034038313566
officehome,C2R,source_anchored,0.3,1,1070,65,0.9823305606842041,True,88.82258434702777,86.96968271567074
officehome,C2R,without_source_fusion,0.3,1,1070,65,0.9823305606842041,True,88.13403718154693,86.21505473222958
officehome,C2R,source_anchored,0.3,2,1070,65,0.9815589189529419,True,88.77668120266237,86.90361554284462
officehome,C2R,without_source_fusion,0.3,2,1070,65,0.9815589189529419,True,88.2946981868258,86.38229968331589
officehome,C2R,source_anchored,0.3,3,1070,65,0.9824485778808594,True,88.89143906357585,87.04291522148057
officehome,C2R,without_source_fusion,0.3,3,1070,65,0.9824485778808594,True,88.08813403718155,86.16155216463962
officehome,C2R,source_anchored,0.3,4,1070,65,0.9821540713310242,True,88.89143906357585,87.06917308576391
officehome,C2R,without_source_fusion,0.3,4,1070,65,0.9821540713310242,True,88.11108560936424,86.19591631280335
officehome,C2R,source_anchored,0.4,0,1426,65,0.9746306538581848,True,88.75372963047968,86.87980118212799
officehome,C2R,without_source_fusion,0.4,0,1426,65,0.9746306538581848,True,88.08813403718155,86.16807579083132
officehome,C2R,source_anchored,0.4,1,1426,65,0.974598228931427,True,88.75372963047968,86.88626568191246
officehome,C2R,without_source_fusion,0.4,1,1426,65,0.974598228931427,True,88.08813403718155,86.17093143471261
officehome,C2R,source_anchored,0.4,2,1426,65,0.975702166557312,True,88.73077805829699,86.84400977380588
officehome,C2R,without_source_fusion,0.4,2,1426,65,0.975702166557312,True,88.13403718154693,86.22247548542953
officehome,C2R,source_anchored,0.4,3,1426,65,0.9752033948898315,True,88.79963277484507,86.93486937544424
officehome,C2R,without_source_fusion,0.4,3,1426,65,0.9752033948898315,True,88.15698875372962,86.23082327740987
officehome,C2R,source_anchored,0.4,4,1426,65,0.9756126403808594,True,88.75372963047968,86.87936936113341
officehome,C2R,without_source_fusion,0.4,4,1426,65,0.9756126403808594,True,88.20289189809502,86.28871640735969
officehome,C2R,source_anchored,0.5,0,1782,65,0.9645577073097229,True,88.82258434702777,86.9567661816351
officehome,C2R,without_source_fusion,0.5,0,1782,65,0.9645577073097229,True,88.13403718154693,86.21564380095376
officehome,C2R,source_anchored,0.5,1,1782,65,0.9647443294525146,True,88.7078264861143,86.78173308861396
officehome,C2R,without_source_fusion,0.5,1,1782,65,0.9647443294525146,True,88.11108560936424,86.18938944054145
officehome,C2R,source_anchored,0.5,2,1782,65,0.9644785523414612,True,88.73077805829699,86.8663732119993
officehome,C2R,without_source_fusion,0.5,2,1782,65,0.9644785523414612,True,88.13403718154693,86.20851900450471
officehome,C2R,source_anchored,0.5,3,1782,65,0.9657914638519287,True,88.77668120266237,86.91910566763978
officehome,C2R,without_source_fusion,0.5,3,1782,65,0.9657914638519287,True,88.04223089281615,86.12098508483645
officehome,C2R,source_anchored,0.5,4,1782,65,0.9649579524993896,True,88.7078264861143,86.81443218076484
officehome,C2R,without_source_fusion,0.5,4,1782,65,0.9649579524993896,True,88.11108560936424,86.18984779991929
officehome,P2A,source_anchored,0.0,0,0,64,0.9673182964324951,True,78.90399670374948,74.76383253779893
officehome,P2A,without_source_fusion,0.0,0,0,64,0.9661021828651428,True,79.27482488669139,75.07553005876878
officehome,P2A,source_anchored,0.0,1,0,64,0.9673182964324951,True,78.90399670374948,74.76383253779893
officehome,P2A,without_source_fusion,0.0,1,0,64,0.9661021828651428,True,79.27482488669139,75.07553005876878
officehome,P2A,source_anchored,0.0,2,0,64,0.9673182964324951,True,78.90399670374948,74.76383253779893
officehome,P2A,without_source_fusion,0.0,2,0,64,0.9661021828651428,True,79.27482488669139,75.07553005876878
officehome,P2A,source_anchored,0.0,3,0,64,0.9673182964324951,True,78.90399670374948,74.76383253779893
officehome,P2A,without_source_fusion,0.0,3,0,64,0.9661021828651428,True,79.27482488669139,75.07553005876878
officehome,P2A,source_anchored,0.0,4,0,64,0.9673182964324951,True,78.90399670374948,74.76383253779893
officehome,P2A,without_source_fusion,0.0,4,0,64,0.9661021828651428,True,79.27482488669139,75.07553005876878
officehome,P2A,source_anchored,0.1,0,168,64,0.9681047797203064,True,78.98640296662546,74.83072216990595
officehome,P2A,without_source_fusion,0.1,0,168,64,0.9668886661529541,True,79.23362175525341,75.14060095278703
officehome,P2A,source_anchored,0.1,1,168,65,0.9729717373847961,True,78.98640296662546,74.78094403476197
officehome,P2A,without_source_fusion,0.1,1,168,65,0.9729717373847961,True,79.15121549237742,75.06867684514864
officehome,P2A,source_anchored,0.1,2,168,65,0.9749605059623718,True,79.11001236093944,75.00125534043913
officehome,P2A,without_source_fusion,0.1,2,168,65,0.9749605059623718,True,79.06880922950144,74.87767958990989
officehome,P2A,source_anchored,0.1,3,168,65,0.9723641872406006,True,79.02760609806346,74.92873526791905
officehome,P2A,without_source_fusion,0.1,3,168,65,0.9723641872406006,True,79.35723114956737,75.16791316585775
officehome,P2A,source_anchored,0.1,4,168,65,0.9740869402885437,True,78.8215904408735,74.63751277912624
officehome,P2A,without_source_fusion,0.1,4,168,65,0.9740869402885437,True,79.23362175525341,75.07827731151602
officehome,P2A,source_anchored,0.2,0,336,65,0.9719761610031128,True,78.98640296662546,74.93986021382662
officehome,P2A,without_source_fusion,0.2,0,336,65,0.9719761610031128,True,79.27482488669139,75.18830755843261
officehome,P2A,source_anchored,0.2,1,336,65,0.9713103175163269,True,79.06880922950144,74.92488061348116
officehome,P2A,without_source_fusion,0.2,1,336,65,0.9713103175163269,True,79.23362175525341,75.0903003025306
officehome,P2A,source_anchored,0.2,2,336,65,0.9725093245506287,True,79.02760609806346,75.00519944029116
officehome,P2A,without_source_fusion,0.2,2,336,65,0.9725093245506287,True,78.98640296662546,74.75227179986797
officehome,P2A,source_anchored,0.2,3,336,65,0.9710114598274231,True,79.06880922950144,75.04683938602318
officehome,P2A,without_source_fusion,0.2,3,336,65,0.9710114598274231,True,79.27482488669139,75.18409247527016
officehome,P2A,source_anchored,0.2,4,336,65,0.9722487926483154,True,78.86279357231149,74.83110757470995
officehome,P2A,without_source_fusion,0.2,4,336,65,0.9722487926483154,True,79.19241862381541,75.06279091821007
officehome,P2A,source_anchored,0.3,0,504,65,0.9640310406684875,True,78.86279357231149,74.72303192986278
officehome,P2A,without_source_fusion,0.3,0,504,65,0.9640310406684875,True,79.11001236093944,74.94064043858504
officehome,P2A,source_anchored,0.3,1,504,65,0.9670193791389465,True,79.02760609806346,74.90010279044428
officehome,P2A,without_source_fusion,0.3,1,504,65,0.9670193791389465,True,79.23362175525341,75.11291893364833
officehome,P2A,source_anchored,0.3,2,504,65,0.9652758240699768,True,78.98640296662546,74.89228560646939
officehome,P2A,without_source_fusion,0.3,2,504,65,0.9652758240699768,True,79.39843428100536,75.36241415359183
officehome,P2A,source_anchored,0.3,3,504,65,0.965601921081543,True,78.98640296662546,74.87914433597518
officehome,P2A,without_source_fusion,0.3,3,504,65,0.965601921081543,True,79.06880922950144,74.92590913813943
officehome,P2A,source_anchored,0.3,4,504,65,0.9643274545669556,True,79.02760609806346,74.98358027671142
officehome,P2A,without_source_fusion,0.3,4,504,65,0.9643274545669556,True,79.23362175525341,75.1588330646724
officehome,P2A,source_anchored,0.4,0,672,65,0.9564950466156006,True,79.06880922950144,75.01833926480428
officehome,P2A,without_source_fusion,0.4,0,672,65,0.9564950466156006,True,79.11001236093944,74.93107927014321
officehome,P2A,source_anchored,0.4,1,672,65,0.958400309085846,True,78.90399670374948,74.76042069199579
officehome,P2A,without_source_fusion,0.4,1,672,65,0.958400309085846,True,79.06880922950144,74.91867526836359
officehome,P2A,source_anchored,0.4,2,672,65,0.9587938189506531,True,78.98640296662546,74.84459049228494
officehome,P2A,without_source_fusion,0.4,2,672,65,0.9587938189506531,True,79.06880922950144,75.01616690730035
officehome,P2A,source_anchored,0.4,3,672,65,0.9565663933753967,True,78.90399670374948,74.84312215709586
officehome,P2A,without_source_fusion,0.4,3,672,65,0.9565663933753967,True,79.15121549237742,74.99375211387715
officehome,P2A,source_anchored,0.4,4,672,65,0.9572920799255371,True,78.78038730943551,74.66229234738407
officehome,P2A,without_source_fusion,0.4,4,672,65,0.9572920799255371,True,79.11001236093944,74.92008106975784
officehome,P2A,source_anchored,0.5,0,840,65,0.949158251285553,True,79.11001236093944,75.09705939019055
officehome,P2A,without_source_fusion,0.5,0,840,65,0.949158251285553,True,78.94519983518748,74.79067344651278
officehome,P2A,source_anchored,0.5,1,840,65,0.9499760270118713,True,78.8215904408735,74.74541430938802
officehome,P2A,without_source_fusion,0.5,1,840,65,0.9499760270118713,True,79.11001236093944,74.9818296284008
officehome,P2A,source_anchored,0.5,2,840,65,0.9488316774368286,True,79.02760609806346,74.98896586043085
officehome,P2A,without_source_fusion,0.5,2,840,65,0.9488316774368286,True,79.19241862381541,75.08058367537845
officehome,P2A,source_anchored,0.5,3,840,65,0.9501267671585083,True,78.8215904408735,74.8682810997115
officehome,P2A,without_source_fusion,0.5,3,840,65,0.9501267671585083,True,79.06880922950144,74.99850987174051
officehome,P2A,source_anchored,0.5,4,840,65,0.9519587755203247,True,78.94519983518748,74.85807061188855
officehome,P2A,without_source_fusion,0.5,4,840,65,0.9519587755203247,True,78.98640296662546,74.83535498503176
officehome,P2C,source_anchored,0.0,0,0,65,0.976223886013031,True,67.90378006872852,67.10755027824045
officehome,P2C,without_source_fusion,0.0,0,0,65,0.976223886013031,True,66.87285223367697,66.40267681010315
officehome,P2C,source_anchored,0.0,1,0,65,0.976223886013031,True,67.90378006872852,67.10755027824045
officehome,P2C,without_source_fusion,0.0,1,0,65,0.976223886013031,True,66.87285223367697,66.40267681010315
officehome,P2C,source_anchored,0.0,2,0,65,0.976223886013031,True,67.90378006872852,67.10755027824045
officehome,P2C,without_source_fusion,0.0,2,0,65,0.976223886013031,True,66.87285223367697,66.40267681010315
officehome,P2C,source_anchored,0.0,3,0,65,0.976223886013031,True,67.90378006872852,67.10755027824045
officehome,P2C,without_source_fusion,0.0,3,0,65,0.976223886013031,True,66.87285223367697,66.40267681010315
officehome,P2C,source_anchored,0.0,4,0,65,0.976223886013031,True,67.90378006872852,67.10755027824045
officehome,P2C,without_source_fusion,0.0,4,0,65,0.976223886013031,True,66.87285223367697,66.40267681010315
officehome,P2C,source_anchored,0.1,0,236,65,0.9814547896385193,True,67.85796105383734,67.11824044463619
officehome,P2C,without_source_fusion,0.1,0,236,65,0.9814547896385193,True,66.73539518900343,66.23249856506851
officehome,P2C,source_anchored,0.1,1,236,65,0.9820327758789062,True,67.88087056128293,67.10411679585093
officehome,P2C,without_source_fusion,0.1,1,236,65,0.9820327758789062,True,66.98739977090491,66.50492491379296
officehome,P2C,source_anchored,0.1,2,236,65,0.9820968508720398,True,67.92668957617411,67.1590564361564
officehome,P2C,without_source_fusion,0.1,2,236,65,0.9820968508720398,True,66.94158075601374,66.47419199728418
officehome,P2C,source_anchored,0.1,3,236,65,0.9808661341667175,True,67.81214203894616,67.08245414564567
officehome,P2C,without_source_fusion,0.1,3,236,65,0.9808661341667175,True,66.89576174112256,66.45141346802203
officehome,P2C,source_anchored,0.1,4,236,65,0.9813669919967651,True,67.85796105383734,67.05715496578755
officehome,P2C,without_source_fusion,0.1,4,236,65,0.9813669919967651,True,66.87285223367697,66.36741495643005
officehome,P2C,source_anchored,0.2,0,472,65,0.9828454256057739,True,67.90378006872852,67.14980549520502
officehome,P2C,without_source_fusion,0.2,0,472,65,0.9828454256057739,True,66.89576174112256,66.42083281900486
officehome,P2C,source_anchored,0.2,1,472,65,0.9830929040908813,True,67.97250859106529,67.23526179184145
officehome,P2C,without_source_fusion,0.2,1,472,65,0.9830929040908813,True,66.94158075601374,66.46109513956485
officehome,P2C,source_anchored,0.2,2,472,65,0.9826390743255615,True,67.90378006872852,67.1339844130199
officehome,P2C,without_source_fusion,0.2,2,472,65,0.9826390743255615,True,66.73539518900343,66.21864603022111
officehome,P2C,source_anchored,0.2,3,472,65,0.9820067286491394,True,67.92668957617411,67.1761759501469
officehome,P2C,without_source_fusion,0.2,3,472,65,0.9820067286491394,True,66.64375715922107,66.08191821489817
officehome,P2C,source_anchored,0.2,4,472,65,0.9835424423217773,True,67.88087056128293,67.11822755108894
officehome,P2C,without_source_fusion,0.2,4,472,65,0.9835424423217773,True,66.8041237113402,66.31513494706974
officehome,P2C,source_anchored,0.3,0,707,65,0.9819182753562927,True,68.04123711340206,67.29252930256298
officehome,P2C,without_source_fusion,0.3,0,707,65,0.9819182753562927,True,66.68957617411225,66.15537255533006
officehome,P2C,source_anchored,0.3,1,707,65,0.9804468154907227,True,67.85796105383734,67.09154169782006
officehome,P2C,without_source_fusion,0.3,1,707,65,0.9804468154907227,True,66.71248568155784,66.16170618557803
officehome,P2C,source_anchored,0.3,2,707,65,0.9807561635971069,True,68.01832760595647,67.28453121426358
officehome,P2C,without_source_fusion,0.3,2,707,65,0.9807561635971069,True,66.64375715922107,66.11640132359193
officehome,P2C,source_anchored,0.3,3,707,65,0.981701672077179,True,67.88087056128293,67.17096445294261
officehome,P2C,without_source_fusion,0.3,3,707,65,0.981701672077179,True,66.75830469644902,66.289437983366
officehome,P2C,source_anchored,0.3,4,707,65,0.9808971881866455,True,67.90378006872852,67.1132876889828
officehome,P2C,without_source_fusion,0.3,4,707,65,0.9808971881866455,True,66.7812142038946,66.27953039887686
officehome,P2C,source_anchored,0.4,0,943,65,0.9789925217628479,True,67.85796105383734,67.12268032152812
officehome,P2C,without_source_fusion,0.4,0,943,65,0.9789925217628479,True,66.52920962199312,65.99092587022953
officehome,P2C,source_anchored,0.4,1,943,65,0.9779064655303955,True,67.85796105383734,67.08229064717747
officehome,P2C,without_source_fusion,0.4,1,943,65,0.9779064655303955,True,66.64375715922107,66.14942376954144
officehome,P2C,source_anchored,0.4,2,943,65,0.9785456657409668,True,67.85796105383734,67.07386069294034
officehome,P2C,without_source_fusion,0.4,2,943,65,0.9785456657409668,True,66.62084765177548,66.05661532735108
officehome,P2C,source_anchored,0.4,3,943,65,0.9786314964294434,True,67.90378006872852,67.1808796444466
officehome,P2C,without_source_fusion,0.4,3,943,65,0.9786314964294434,True,66.5750286368843,66.03111962149327
officehome,P2C,source_anchored,0.4,4,943,65,0.9786117672920227,True,67.83505154639175,67.08256299362395
officehome,P2C,without_source_fusion,0.4,4,943,65,0.9786117672920227,True,66.55211912943871,66.02197123350466
officehome,P2C,source_anchored,0.5,0,1179,65,0.9755118489265442,True,67.90378006872852,67.12781407666188
officehome,P2C,without_source_fusion,0.5,0,1179,65,0.9755118489265442,True,66.50630011454753,65.99220625492013
officehome,P2C,source_anchored,0.5,1,1179,65,0.9741513133049011,True,67.76632302405498,67.0455964844827
officehome,P2C,without_source_fusion,0.5,1,1179,65,0.9741513133049011,True,66.52920962199312,65.9995985548506
officehome,P2C,source_anchored,0.5,2,1179,65,0.9753547310829163,True,67.92668957617411,67.1234981940857
officehome,P2C,without_source_fusion,0.5,2,1179,65,0.9753547310829163,True,66.59793814432989,66.05141640913924
officehome,P2C,source_anchored,0.5,3,1179,65,0.9741813540458679,True,67.92668957617411,67.17172073397727
officehome,P2C,without_source_fusion,0.5,3,1179,65,0.9741813540458679,True,66.50630011454753,66.01632958151424
officehome,P2C,source_anchored,0.5,4,1179,65,0.9739038348197937,True,67.90378006872852,67.14530323248424
officehome,P2C,without_source_fusion,0.5,4,1179,65,0.9739038348197937,True,66.55211912943871,66.04096273503527
officehome,P2R,source_anchored,0.0,0,0,65,0.992374837398529,True,89.18980950195088,87.3658113576147
officehome,P2R,without_source_fusion,0.0,0,0,65,0.992374837398529,True,88.34060133119118,86.46515533961714
officehome,P2R,source_anchored,0.0,1,0,65,0.992374837398529,True,89.18980950195088,87.3658113576147
officehome,P2R,without_source_fusion,0.0,1,0,65,0.992374837398529,True,88.34060133119118,86.46515533961714
officehome,P2R,source_anchored,0.0,2,0,65,0.992374837398529,True,89.18980950195088,87.3658113576147
officehome,P2R,without_source_fusion,0.0,2,0,65,0.992374837398529,True,88.34060133119118,86.46515533961714
officehome,P2R,source_anchored,0.0,3,0,65,0.992374837398529,True,89.18980950195088,87.3658113576147
officehome,P2R,without_source_fusion,0.0,3,0,65,0.992374837398529,True,88.34060133119118,86.46515533961714
officehome,P2R,source_anchored,0.0,4,0,65,0.992374837398529,True,89.18980950195088,87.3658113576147
officehome,P2R,without_source_fusion,0.0,4,0,65,0.992374837398529,True,88.34060133119118,86.46515533961714
officehome,P2R,source_anchored,0.1,0,366,65,0.9923660159111023,True,89.0980032132201,87.28304950666228
officehome,P2R,without_source_fusion,0.1,0,366,65,0.9923660159111023,True,88.22584347027771,86.33928315224635
officehome,P2R,source_anchored,0.1,1,366,65,0.9916815161705017,True,89.1209547854028,87.2875387530263
officehome,P2R,without_source_fusion,0.1,1,366,65,0.9916815161705017,True,88.22584347027771,86.322945836925
officehome,P2R,source_anchored,0.1,2,366,65,0.9920774102210999,True,89.0750516410374,87.24315741149584
officehome,P2R,without_source_fusion,0.1,2,366,65,0.9920774102210999,True,88.2946981868258,86.40401135539625
officehome,P2R,source_anchored,0.1,3,366,65,0.9921159148216248,True,89.1439063575855,87.32138727086407
officehome,P2R,without_source_fusion,0.1,3,366,65,0.9921159148216248,True,88.2487950424604,86.37176951957434
officehome,P2R,source_anchored,0.1,4,366,65,0.9922742247581482,True,89.1209547854028,87.29415331263787
officehome,P2R,without_source_fusion,0.1,4,366,65,0.9922742247581482,True,88.2487950424604,86.35253163574156
officehome,P2R,source_anchored,0.2,0,733,65,0.9890745878219604,True,89.1209547854028,87.23928211343839
officehome,P2R,without_source_fusion,0.2,0,733,65,0.9890745878219604,True,88.17994032591233,86.27754854528997
officehome,P2R,source_anchored,0.2,1,733,65,0.9890602827072144,True,89.0980032132201,87.2726145647275
officehome,P2R,without_source_fusion,0.2,1,733,65,0.9890602827072144,True,88.13403718154693,86.22425875356811
officehome,P2R,source_anchored,0.2,2,733,65,0.9887864589691162,True,89.0980032132201,87.2076239630218
officehome,P2R,without_source_fusion,0.2,2,733,65,0.9887864589691162,True,88.13403718154693,86.21995522783006
officehome,P2R,source_anchored,0.2,3,733,65,0.988967776298523,True,89.1439063575855,87.29555269022973
officehome,P2R,without_source_fusion,0.2,3,733,65,0.988967776298523,True,88.15698875372962,86.25049361143664
officehome,P2R,source_anchored,0.2,4,733,65,0.9891965389251709,True,89.0980032132201,87.24264297114237
officehome,P2R,without_source_fusion,0.2,4,733,65,0.9891965389251709,True,88.27174661464309,86.39558095457745
officehome,P2R,source_anchored,0.3,0,1099,65,0.9839739799499512,True,89.1209547854028,87.28994515060616
officehome,P2R,without_source_fusion,0.3,0,1099,65,0.9839739799499512,True,88.11108560936424,86.18916571368767
officehome,P2R,source_anchored,0.3,1,1099,65,0.9833102226257324,True,89.16685792976818,87.34243075717579
officehome,P2R,without_source_fusion,0.3,1,1099,65,0.9833102226257324,True,88.13403718154693,86.21049683132658
officehome,P2R,source_anchored,0.3,2,1099,65,0.9835115671157837,True,89.0980032132201,87.26704547318556
officehome,P2R,without_source_fusion,0.3,2,1099,65,0.9835115671157837,True,88.11108560936424,86.19059452589624
officehome,P2R,source_anchored,0.3,3,1099,65,0.9831169247627258,True,89.1209547854028,87.26119308459197
officehome,P2R,without_source_fusion,0.3,3,1099,65,0.9831169247627258,True,88.06518246499884,86.14280800589482
officehome,P2R,source_anchored,0.3,4,1099,65,0.9832250475883484,True,88.98324535230662,87.08772588210127
officehome,P2R,without_source_fusion,0.3,4,1099,65,0.9832250475883484,True,88.08813403718155,86.15532130982521
officehome,P2R,source_anchored,0.4,0,1466,65,0.9752781391143799,True,89.0750516410374,87.2029069660683
officehome,P2R,without_source_fusion,0.4,0,1466,65,0.9752781391143799,True,88.11108560936424,86.19313460684104
officehome,P2R,source_anchored,0.4,1,1466,65,0.9753232598304749,True,89.0750516410374,87.15773517721249
officehome,P2R,without_source_fusion,0.4,1,1466,65,0.9753232598304749,True,88.11108560936424,86.18344816080032
officehome,P2R,source_anchored,0.4,2,1466,65,0.9760388731956482,True,89.1209547854028,87.2843549298692
officehome,P2R,without_source_fusion,0.4,2,1466,65,0.9760388731956482,True,88.13403718154693,86.21597821196393
officehome,P2R,source_anchored,0.4,3,1466,65,0.9745811223983765,True,89.00619692448932,87.0939656837524
officehome,P2R,without_source_fusion,0.4,3,1466,65,0.9745811223983765,True,88.11108560936424,86.20097119710104
officehome,P2R,source_anchored,0.4,4,1466,65,0.9749186635017395,True,88.96029378012393,87.03702752387306
officehome,P2R,without_source_fusion,0.4,4,1466,65,0.9749186635017395,True,88.13403718154693,86.21456220782261
officehome,P2R,source_anchored,0.5,0,1832,65,0.9652424454689026,True,88.98324535230662,87.06568766680813
officehome,P2R,without_source_fusion,0.5,0,1832,65,0.9652424454689026,True,88.13403718154693,86.20815750182841
officehome,P2R,source_anchored,0.5,1,1832,65,0.9649494290351868,True,89.00619692448932,87.1145312061202
officehome,P2R,without_source_fusion,0.5,1,1832,65,0.9649494290351868,True,88.04223089281615,86.11255476369175
officehome,P2R,source_anchored,0.5,2,1832,65,0.9662232995033264,True,89.0980032132201,87.25371610594627
officehome,P2R,without_source_fusion,0.5,2,1832,65,0.9662232995033264,True,88.13403718154693,86.21352232243342
officehome,P2R,source_anchored,0.5,3,1832,65,0.9640650153160095,True,88.96029378012393,87.05504342537607
officehome,P2R,without_source_fusion,0.5,3,1832,65,0.9640650153160095,True,88.08813403718155,86.17711059391078
officehome,P2R,source_anchored,0.5,4,1832,65,0.9654350280761719,True,88.96029378012393,87.01301130822021
officehome,P2R,without_source_fusion,0.5,4,1832,65,0.9654350280761719,True,88.06518246499884,86.12219746056628
officehome,R2A,source_anchored,0.0,0,0,64,0.9683553576469421,True,79.48084054388134,75.28909710719086
officehome,R2A,without_source_fusion,0.0,0,0,64,0.9670864343643188,True,79.15121549237742,74.95412765165207
officehome,R2A,source_anchored,0.0,1,0,64,0.9683553576469421,True,79.48084054388134,75.28909710719086
officehome,R2A,without_source_fusion,0.0,1,0,64,0.9670864343643188,True,79.15121549237742,74.95412765165207
officehome,R2A,source_anchored,0.0,2,0,64,0.9683553576469421,True,79.48084054388134,75.28909710719086
officehome,R2A,without_source_fusion,0.0,2,0,64,0.9670864343643188,True,79.15121549237742,74.95412765165207
officehome,R2A,source_anchored,0.0,3,0,64,0.9683553576469421,True,79.48084054388134,75.28909710719086
officehome,R2A,without_source_fusion,0.0,3,0,64,0.9670864343643188,True,79.15121549237742,74.95412765165207
officehome,R2A,source_anchored,0.0,4,0,64,0.9683553576469421,True,79.48084054388134,75.28909710719086
officehome,R2A,without_source_fusion,0.0,4,0,64,0.9670864343643188,True,79.15121549237742,74.95412765165207
officehome,R2A,source_anchored,0.1,0,169,64,0.9676443934440613,True,79.48084054388134,75.3708301889239
officehome,R2A,without_source_fusion,0.1,0,169,64,0.966375470161438,True,79.48084054388134,75.24097898892357
officehome,R2A,source_anchored,0.1,1,169,65,0.9748574495315552,True,79.43963741244335,75.38364541602486
officehome,R2A,without_source_fusion,0.1,1,169,65,0.9748574495315552,True,79.23362175525341,75.08141702894146
officehome,R2A,source_anchored,0.1,2,169,65,0.9764869809150696,True,79.52204367531932,75.4761719371228
officehome,R2A,without_source_fusion,0.1,2,169,65,0.9764869809150696,True,79.35723114956737,75.25385173709046
officehome,R2A,source_anchored,0.1,3,169,65,0.9736731052398682,True,79.39843428100536,75.30505733743678
officehome,R2A,without_source_fusion,0.1,3,169,65,0.9736731052398682,True,79.35723114956737,75.20695849813617
officehome,R2A,source_anchored,0.1,4,169,65,0.9746478796005249,True,79.39843428100536,75.2628699765681
officehome,R2A,without_source_fusion,0.1,4,169,65,0.9746478796005249,True,79.02760609806346,74.85139704892147
officehome,R2A,source_anchored,0.2,0,337,65,0.9695431590080261,True,79.23362175525341,75.23225574289606
officehome,R2A,without_source_fusion,0.2,0,337,65,0.9695431590080261,True,79.06880922950144,74.9440237204955
officehome,R2A,source_anchored,0.2,1,337,65,0.9694744348526001,True,79.39843428100536,75.3768888875292
officehome,R2A,without_source_fusion,0.2,1,337,65,0.9694744348526001,True,78.86279357231149,74.7199183255934
officehome,R2A,source_anchored,0.2,2,337,65,0.9706586003303528,True,79.52204367531932,75.56608478479963
officehome,R2A,without_source_fusion,0.2,2,337,65,0.9706586003303528,True,78.94519983518748,74.6953064075367
officehome,R2A,source_anchored,0.2,3,337,65,0.9709908366203308,True,79.48084054388134,75.54226457464401
officehome,R2A,without_source_fusion,0.2,3,337,65,0.9709908366203308,True,79.31602801812939,75.11241707464738
officehome,R2A,source_anchored,0.2,4,337,65,0.9694766402244568,True,79.39843428100536,75.35445100794847
officehome,R2A,without_source_fusion,0.2,4,337,65,0.9694766402244568,True,79.19241862381541,75.08041837159604
officehome,R2A,source_anchored,0.3,0,506,65,0.9684013724327087,True,79.6044499381953,75.53345982981443
officehome,R2A,without_source_fusion,0.3,0,506,65,0.9684013724327087,True,79.31602801812939,75.16576765055434
officehome,R2A,source_anchored,0.3,1,506,65,0.9656083583831787,True,79.43963741244335,75.47438398502429
officehome,R2A,without_source_fusion,0.3,1,506,65,0.9656083583831787,True,79.19241862381541,75.01062705180472
officehome,R2A,source_anchored,0.3,2,506,65,0.9666696786880493,True,79.48084054388134,75.5381020704815
officehome,R2A,without_source_fusion,0.3,2,506,65,0.9666696786880493,True,79.19241862381541,75.02375281493049
officehome,R2A,source_anchored,0.3,3,506,65,0.9653537273406982,True,79.27482488669139,75.29425252228414
officehome,R2A,without_source_fusion,0.3,3,506,65,0.9653537273406982,True,79.15121549237742,75.11193913841093
officehome,R2A,source_anchored,0.3,4,506,65,0.9655088186264038,True,79.39843428100536,75.33974085038116
officehome,R2A,without_source_fusion,0.3,4,506,65,0.9655088186264038,True,79.15121549237742,75.10090970059801
officehome,R2A,source_anchored,0.4,0,674,65,0.9603307843208313,True,79.48084054388134,75.56165178968341
officehome,R2A,without_source_fusion,0.4,0,674,65,0.9603307843208313,True,79.19241862381541,75.18636179178095
officehome,R2A,source_anchored,0.4,1,674,65,0.9587167501449585,True,79.43963741244335,75.50944416294162
officehome,R2A,without_source_fusion,0.4,1,674,65,0.9587167501449585,True,79.11001236093944,75.04072516726869
officehome,R2A,source_anchored,0.4,2,674,65,0.9590570330619812,True,79.35723114956737,75.35909451259198
officehome,R2A,without_source_fusion,0.4,2,674,65,0.9590570330619812,True,78.94519983518748,74.74438494987584
officehome,R2A,source_anchored,0.4,3,674,65,0.9596920013427734,True,79.39843428100536,75.44032545096577
officehome,R2A,without_source_fusion,0.4,3,674,65,0.9596920013427734,True,79.27482488669139,75.26510083888721
officehome,R2A,source_anchored,0.4,4,674,65,0.9586120843887329,True,79.31602801812939,75.34051785115817
officehome,R2A,without_source_fusion,0.4,4,674,65,0.9586120843887329,True,79.23362175525341,75.19890806903312
officehome,R2A,source_anchored,0.5,0,843,65,0.949938952922821,True,79.39843428100536,75.40240627329501
officehome,R2A,without_source_fusion,0.5,0,843,65,0.949938952922821,True,79.06880922950144,74.95290699408467
officehome,R2A,source_anchored,0.5,1,843,65,0.9491692185401917,True,79.27482488669139,75.2252008010585
officehome,R2A,without_source_fusion,0.5,1,843,65,0.9491692185401917,True,79.02760609806346,74.89965469083236
officehome,R2A,source_anchored,0.5,2,843,65,0.9497130513191223,True,79.27482488669139,75.26715884301655
officehome,R2A,without_source_fusion,0.5,2,843,65,0.9497130513191223,True,79.02760609806346,74.81080858154952
officehome,R2A,source_anchored,0.5,3,843,65,0.9512647390365601,True,79.27482488669139,75.31078188663959
officehome,R2A,without_source_fusion,0.5,3,843,65,0.9512647390365601,True,78.90399670374948,74.77996960375597
officehome,R2A,source_anchored,0.5,4,843,65,0.9477792382240295,True,79.56324680675732,75.4693534737826
officehome,R2A,without_source_fusion,0.5,4,843,65,0.9477792382240295,True,78.98640296662546,74.820628387708
officehome,R2C,source_anchored,0.0,0,0,65,0.9762459397315979,True,67.0103092783505,66.36983430640659
officehome,R2C,without_source_fusion,0.0,0,0,65,0.9762459397315979,True,66.82703321878579,66.32371333326167
officehome,R2C,source_anchored,0.0,1,0,65,0.9762459397315979,True,67.0103092783505,66.36983430640659
officehome,R2C,without_source_fusion,0.0,1,0,65,0.9762459397315979,True,66.82703321878579,66.32371333326167
officehome,R2C,source_anchored,0.0,2,0,65,0.9762459397315979,True,67.0103092783505,66.36983430640659
officehome,R2C,without_source_fusion,0.0,2,0,65,0.9762459397315979,True,66.82703321878579,66.32371333326167
officehome,R2C,source_anchored,0.0,3,0,65,0.9762459397315979,True,67.0103092783505,66.36983430640659
officehome,R2C,without_source_fusion,0.0,3,0,65,0.9762459397315979,True,66.82703321878579,66.32371333326167
officehome,R2C,source_anchored,0.0,4,0,65,0.9762459397315979,True,67.0103092783505,66.36983430640659
officehome,R2C,without_source_fusion,0.0,4,0,65,0.9762459397315979,True,66.82703321878579,66.32371333326167
officehome,R2C,source_anchored,0.1,0,237,65,0.9815660715103149,True,67.05612829324168,66.40473605749796
officehome,R2C,without_source_fusion,0.1,0,237,65,0.9815660715103149,True,66.89576174112256,66.40435851879685
officehome,R2C,source_anchored,0.1,1,237,65,0.9822790026664734,True,67.05612829324168,66.38181453457643
officehome,R2C,without_source_fusion,0.1,1,237,65,0.9822790026664734,True,66.94158075601374,66.45606024307864
officehome,R2C,source_anchored,0.1,2,237,65,0.9816487431526184,True,67.07903780068727,66.42851783127973
officehome,R2C,without_source_fusion,0.1,2,237,65,0.9816487431526184,True,66.94158075601374,66.49989679783839
officehome,R2C,source_anchored,0.1,3,237,65,0.9814414978027344,True,66.91867124856815,66.2732177650532
officehome,R2C,without_source_fusion,0.1,3,237,65,0.9814414978027344,True,66.82703321878579,66.35786076226718
officehome,R2C,source_anchored,0.1,4,237,65,0.980729877948761,True,66.91867124856815,66.30612881535556
officehome,R2C,without_source_fusion,0.1,4,237,65,0.980729877948761,True,66.84994272623138,66.38845134904354
officehome,R2C,source_anchored,0.2,0,475,65,0.9822339415550232,True,67.05612829324168,66.38922086010139
officehome,R2C,without_source_fusion,0.2,0,475,65,0.9822339415550232,True,66.66666666666666,66.17031581553626
officehome,R2C,source_anchored,0.2,1,475,65,0.9823471307754517,True,67.07903780068727,66.4840901392804
officehome,R2C,without_source_fusion,0.2,1,475,65,0.9823471307754517,True,66.84994272623138,66.43630331562612
officehome,R2C,source_anchored,0.2,2,475,65,0.982560932636261,True,67.0103092783505,66.35151874341109
officehome,R2C,without_source_fusion,0.2,2,475,65,0.982560932636261,True,66.73539518900343,66.22992414180874
officehome,R2C,source_anchored,0.2,3,475,65,0.9827350378036499,True,67.10194730813286,66.48751142832695
officehome,R2C,without_source_fusion,0.2,3,475,65,0.9827350378036499,True,66.7812142038946,66.32087302662205
officehome,R2C,source_anchored,0.2,4,475,65,0.9815018177032471,True,67.21649484536083,66.51371053238186
officehome,R2C,without_source_fusion,0.2,4,475,65,0.9815018177032471,True,66.71248568155784,66.18217774478585
officehome,R2C,source_anchored,0.3,0,712,65,0.9810850620269775,True,67.05612829324168,66.38714368175715
officehome,R2C,without_source_fusion,0.3,0,712,65,0.9810850620269775,True,66.66666666666666,66.20776993691227
officehome,R2C,source_anchored,0.3,1,712,65,0.9814983606338501,True,67.0332187857961,66.36488463312733
officehome,R2C,without_source_fusion,0.3,1,712,65,0.9814983606338501,True,66.82703321878579,66.33248430300594
officehome,R2C,source_anchored,0.3,2,712,65,0.9813794493675232,True,67.05612829324168,66.35977566607197
officehome,R2C,without_source_fusion,0.3,2,712,65,0.9813794493675232,True,66.73539518900343,66.25119217328735
officehome,R2C,source_anchored,0.3,3,712,65,0.9809179902076721,True,66.91867124856815,66.26773548414025
officehome,R2C,without_source_fusion,0.3,3,712,65,0.9809179902076721,True,66.66666666666666,66.16207183607992
officehome,R2C,source_anchored,0.3,4,712,65,0.9817160367965698,True,67.0103092783505,66.37908728640352
officehome,R2C,without_source_fusion,0.3,4,712,65,0.9817160367965698,True,66.8041237113402,66.29317820449752
officehome,R2C,source_anchored,0.4,0,949,65,0.9786701202392578,True,67.05612829324168,66.36978781950398
officehome,R2C,without_source_fusion,0.4,0,949,65,0.9786701202392578,True,66.75830469644902,66.22294892299946
officehome,R2C,source_anchored,0.4,1,949,65,0.9781931638717651,True,66.94158075601374,66.29806230912241
officehome,R2C,without_source_fusion,0.4,1,949,65,0.9781931638717651,True,66.59793814432989,66.059469110455
officehome,R2C,source_anchored,0.4,2,949,65,0.9790312051773071,True,67.0103092783505,66.34733695535742
officehome,R2C,without_source_fusion,0.4,2,949,65,0.9790312051773071,True,66.75830469644902,66.2698935040788
officehome,R2C,source_anchored,0.4,3,949,65,0.97835773229599,True,67.14776632302404,66.44306677110221
officehome,R2C,without_source_fusion,0.4,3,949,65,0.97835773229599,True,66.64375715922107,66.15621810823946
officehome,R2C,source_anchored,0.4,4,949,65,0.9785811901092529,True,66.98739977090491,66.34591205967021
officehome,R2C,without_source_fusion,0.4,4,949,65,0.9785811901092529,True,66.73539518900343,66.21151858626791
officehome,R2C,source_anchored,0.5,0,1186,65,0.9748930335044861,True,67.0103092783505,66.38133982215534
officehome,R2C,without_source_fusion,0.5,0,1186,65,0.9748930335044861,True,66.66666666666666,66.16196952057714
officehome,R2C,source_anchored,0.5,1,1186,65,0.9760051965713501,True,66.94158075601374,66.25055044150838
officehome,R2C,without_source_fusion,0.5,1,1186,65,0.9760051965713501,True,66.73539518900343,66.21588623038683
officehome,R2C,source_anchored,0.5,2,1186,65,0.9742202162742615,True,67.0332187857961,66.34058485698961
officehome,R2C,without_source_fusion,0.5,2,1186,65,0.9742202162742615,True,66.5750286368843,66.00987917150334
officehome,R2C,source_anchored,0.5,3,1186,65,0.9735053777694702,True,66.91867124856815,66.22958723161723
officehome,R2C,without_source_fusion,0.5,3,1186,65,0.9735053777694702,True,66.48339060710194,65.95370127561749
officehome,R2C,source_anchored,0.5,4,1186,65,0.9749307036399841,True,66.89576174112256,66.21889014260086
officehome,R2C,without_source_fusion,0.5,4,1186,65,0.9749307036399841,True,66.52920962199312,66.01942083496785
officehome,R2P,source_anchored,0.0,0,0,64,0.9857497215270996,True,88.28564992115341,87.62384824125252
officehome,R2P,without_source_fusion,0.0,0,0,64,0.9843396544456482,True,87.76751520612751,87.12052373167198
officehome,R2P,source_anchored,0.0,1,0,64,0.9857497215270996,True,88.28564992115341,87.62384824125252
officehome,R2P,without_source_fusion,0.0,1,0,64,0.9843396544456482,True,87.76751520612751,87.12052373167198
officehome,R2P,source_anchored,0.0,2,0,64,0.9857497215270996,True,88.28564992115341,87.62384824125252
officehome,R2P,without_source_fusion,0.0,2,0,64,0.9843396544456482,True,87.76751520612751,87.12052373167198
officehome,R2P,source_anchored,0.0,3,0,64,0.9857497215270996,True,88.28564992115341,87.62384824125252
officehome,R2P,without_source_fusion,0.0,3,0,64,0.9843396544456482,True,87.76751520612751,87.12052373167198
officehome,R2P,source_anchored,0.0,4,0,64,0.9857497215270996,True,88.28564992115341,87.62384824125252
officehome,R2P,without_source_fusion,0.0,4,0,64,0.9843396544456482,True,87.76751520612751,87.12052373167198
officehome,R2P,source_anchored,0.1,0,374,65,0.9897041916847229,True,88.26312232484794,87.60859808430195
officehome,R2P,without_source_fusion,0.1,0,374,65,0.9897041916847229,True,87.72246001351655,87.03847477956397
officehome,R2P,source_anchored,0.1,1,374,65,0.9905016422271729,True,88.19553953593152,87.50709404708428
officehome,R2P,without_source_fusion,0.1,1,374,65,0.9905016422271729,True,87.69993241721107,87.04329970374373
officehome,R2P,source_anchored,0.1,2,374,65,0.9920011162757874,True,88.17301193962605,87.51262412208095
officehome,R2P,without_source_fusion,0.1,2,374,65,0.9920011162757874,True,87.69993241721107,87.03672508178451
officehome,R2P,source_anchored,0.1,3,374,65,0.992611825466156,True,88.24059472854246,87.54839267960493
officehome,R2P,without_source_fusion,0.1,3,374,65,0.992611825466156,True,87.74498760982203,87.07548757125122
officehome,R2P,source_anchored,0.1,4,374,65,0.9915664792060852,True,88.21806713223698,87.52702515823742
officehome,R2P,without_source_fusion,0.1,4,374,65,0.9915664792060852,True,87.76751520612751,87.09356827485907
officehome,R2P,source_anchored,0.2,0,749,65,0.98833829164505,True,88.17301193962605,87.49566896423063
officehome,R2P,without_source_fusion,0.2,0,749,65,0.98833829164505,True,87.72246001351655,87.04381677440334
officehome,R2P,source_anchored,0.2,1,749,65,0.9883949756622314,True,88.12795674701509,87.45682251142188
officehome,R2P,without_source_fusion,0.2,1,749,65,0.9883949756622314,True,87.65487722460014,86.97638398918535
officehome,R2P,source_anchored,0.2,2,749,65,0.9886151552200317,True,88.19553953593152,87.50419909257641
officehome,R2P,without_source_fusion,0.2,2,749,65,0.9886151552200317,True,87.72246001351655,87.05381909887852
officehome,R2P,source_anchored,0.2,3,749,65,0.9876408576965332,True,88.15048434332057,87.45541531107375
officehome,R2P,without_source_fusion,0.2,3,749,65,0.9876408576965332,True,87.69993241721107,87.00708626182309
officehome,R2P,source_anchored,0.2,4,749,65,0.9883400797843933,True,88.08290155440415,87.39641338110408
officehome,R2P,without_source_fusion,0.2,4,749,65,0.9883400797843933,True,87.74498760982203,87.05767600844261
officehome,R2P,source_anchored,0.3,0,1123,65,0.9816712737083435,True,88.10542915070963,87.42968847774324
officehome,R2P,without_source_fusion,0.3,0,1123,65,0.9816712737083435,True,87.69993241721107,87.02601178074862
officehome,R2P,source_anchored,0.3,1,1123,65,0.9819959402084351,True,88.06037395809867,87.38130290051889
officehome,R2P,without_source_fusion,0.3,1,1123,65,0.9819959402084351,True,87.72246001351655,87.04381677440334
officehome,R2P,source_anchored,0.3,2,1123,65,0.9815348386764526,True,88.12795674701509,87.45236562138811
officehome,R2P,without_source_fusion,0.3,2,1123,65,0.9815348386764526,True,87.69993241721107,87.01110929719552
officehome,R2P,source_anchored,0.3,3,1123,65,0.981267511844635,True,88.06037395809867,87.40377174214908
officehome,R2P,without_source_fusion,0.3,3,1123,65,0.981267511844635,True,87.60982203198918,86.93553750347347
officehome,R2P,source_anchored,0.3,4,1123,65,0.9818835854530334,True,88.15048434332057,87.4537502420418
officehome,R2P,without_source_fusion,0.3,4,1123,65,0.9818835854530334,True,87.72246001351655,87.06250093262238
officehome,R2P,source_anchored,0.4,0,1498,65,0.9732822179794312,True,88.06037395809867,87.38130290051889
officehome,R2P,without_source_fusion,0.4,0,1498,65,0.9732822179794312,True,87.65487722460014,86.98869520335285
officehome,R2P,source_anchored,0.4,1,1498,65,0.9738483428955078,True,88.01531876548772,87.3126834848241
officehome,R2P,without_source_fusion,0.4,1,1498,65,0.9738483428955078,True,87.65487722460014,86.96313144987566
officehome,R2P,source_anchored,0.4,2,1498,65,0.9733775854110718,True,88.12795674701509,87.42900653557193
officehome,R2P,without_source_fusion,0.4,2,1498,65,0.9733775854110718,True,87.65487722460014,86.9889611157868
officehome,R2P,source_anchored,0.4,3,1498,65,0.9724591374397278,True,87.99279116918225,87.28786958904246
officehome,R2P,without_source_fusion,0.4,3,1498,65,0.9724591374397278,True,87.63234962829466,86.9615869769049
officehome,R2P,source_anchored,0.4,4,1498,65,0.9731653928756714,True,88.08290155440415,87.37993016391492
officehome,R2P,without_source_fusion,0.4,4,1498,65,0.9731653928756714,True,87.72246001351655,87.04310579784263
officehome,R2P,source_anchored,0.5,0,1872,65,0.9626551866531372,True,88.08290155440415,87.39695525352064
officehome,R2P,without_source_fusion,0.5,0,1872,65,0.9626551866531372,True,87.67740482090561,86.97196497768896
officehome,R2P,source_anchored,0.5,1,1872,65,0.9629494547843933,True,88.01531876548772,87.32060281326504
officehome,R2P,without_source_fusion,0.5,1,1872,65,0.9629494547843933,True,87.65487722460014,86.98236702800095
officehome,R2P,source_anchored,0.5,2,1872,65,0.9632380604743958,True,87.99279116918225,87.28786958904246
officehome,R2P,without_source_fusion,0.5,2,1872,65,0.9632380604743958,True,87.63234962829466,86.93237061224085
officehome,R2P,source_anchored,0.5,3,1872,65,0.9623417258262634,True,88.03784636179319,87.35226766141926
officehome,R2P,without_source_fusion,0.5,3,1872,65,0.9623417258262634,True,87.67740482090561,87.00009556650201
officehome,R2P,source_anchored,0.5,4,1872,65,0.9628223776817322,True,88.01531876548772,87.31439478798144
officehome,R2P,without_source_fusion,0.5,4,1872,65,0.9628223776817322,True,87.65487722460014,86.96514399970079
